rep,id,r,g,b,x,y,z
0,0,0,0,0,0.000122046301836,0.000140471061234,0.000230315791466
0,1,255,255,255,0.397594249264626,0.435374155403306,0.393928539587204
0,2,11,115,212,0.06521487008507,0.06998574079739,0.288199012022327
0,3,157,218,2,0.172632220064375,0.290959218095024,0.015369355653582
0,4,242,14,183,0.28487212495824,0.144968845527764,0.189127876412561
0,5,101,163,110,0.081720120816016,0.138343986895195,0.067369976918285
0,6,92,34,56,0.030945681465196,0.018365506719204,0.014589306535106
0,7,202,139,237,0.218124201616489,0.158225939278584,0.353310956507731
0,8,164,93,84,0.116713185828463,0.083405442375545,0.036017644432078
0,9,51,244,130,0.134980875360358,0.337823082653549,0.101088729503813
0,10,36,29,67,0.007861864957727,0.006016275427604,0.021754150846578
0,11,178,180,147,0.178814143341282,0.20373843522484,0.1199991905663
0,12,220,100,46,0.224125702012872,0.140309517676241,0.009713229571182
0,13,75,202,248,0.136820865087251,0.207136976086976,0.400577404788531
0,14,115,76,174,0.074588025606481,0.051602119307111,0.179524635839947
0,15,229,229,120,0.309229741549341,0.36369169294579,0.078524604428235
0,16,139,50,194,0.100433735772982,0.055895878127656,0.230171143827818
0,17,29,155,21,0.043218619787867,0.115787680437041,0.008502112788822
0,18,17,60,154,0.028165533723878,0.023558228547161,0.138092356199758
0,19,134,149,76,0.097863520150358,0.127447084264789,0.032137992194854
0,20,232,66,246,0.270353016479452,0.143812575474198,0.379829591135662
0,21,126,235,32,0.153659316812973,0.325329729152043,0.021670427328544
0,22,71,109,118,0.042111970634364,0.058090776324421,0.075951168697843
0,23,208,196,160,0.242096861566144,0.2572788402415,0.142797185451064
0,24,191,19,27,0.153077101587932,0.078028695505189,0.002677634067293
0,25,41,186,203,0.099423823016365,0.173644370696697,0.259751839517253
0,26,63,83,12,0.021080021662148,0.032384975546252,0.002286267912049
0,27,169,250,218,0.234914010835499,0.368050914767522,0.293632850242163
0,28,198,44,96,0.169826192518959,0.089988435974938,0.045157341140924
0,29,81,133,182,0.07310083434102,0.090702697939113,0.200749284238507
0,30,104,4,223,0.082790666249953,0.0426126773596,0.322316480359834
0,31,254,169,55,0.337902431487703,0.264368656629871,0.017485199964277
0,32,144,125,140,0.106850039756879,0.100961443225116,0.108363495971702
0,33,7,212,90,0.092631928616825,0.245162986295141,0.052963384075707
0,34,2,11,40,0.001503997756469,0.001101533992908,0.007488357781337
0,35,151,162,254,0.163583859685529,0.155778606529671,0.418888016028478
0,36,249,117,69,0.305817513801735,0.191158059933449,0.02156914631041
0,37,112,219,146,0.136636324055894,0.265554594727267,0.123693316969438
0,38,86,90,196,0.068247042915984,0.054911760166187,0.238819243768184
0,39,192,243,19,0.245515478171311,0.384107780619638,0.020392230760309
0,40,173,37,168,0.136304491771549,0.0715466744417,0.16245245667115
0,41,56,141,126,0.052150673333992,0.095115315061203,0.088772464335735
0,42,46,101,189,0.053801730586971,0.055194043511391,0.220519612382226
0,43,183,204,105,0.198336092773178,0.260634319216682,0.062310516591677
0,44,213,28,210,0.219058010116335,0.11221313332765,0.268866367905485
0,45,64,178,4,0.066687241996573,0.162870472601227,0.009681562744258
0,46,121,52,82,0.057580075514241,0.036027066764422,0.034428568048815
0,47,239,157,132,0.292219921775272,0.223397987916906,0.089095984296573
0,48,129,74,62,0.066577459977956,0.048626361369136,0.018470272341655
0,49,24,226,232,0.14363754379804,0.271227560480423,0.346596223360398
0,50,26,68,102,0.016829470395286,0.021684125020214,0.05603302676037
0,51,140,236,176,0.181040034568751,0.320706011329048,0.183523100871157
0,52,225,58,10,0.231627089249646,0.124620446878371,0.00079689255895
0,53,116,147,220,0.112657429763024,0.119842038980878,0.307666955426914
0,54,77,22,138,0.035013638012006,0.018890929199868,0.10650581605444
0,55,219,188,92,0.256928694197443,0.256474394983525,0.046766276674244
0,56,181,107,229,0.173126271632406,0.113088805231987,0.331252984375693
0,57,36,194,49,0.073129420404967,0.195285194458891,0.021274060019358
0,58,54,43,240,0.071701109104029,0.039630106332767,0.380556047258327
0,59,163,131,38,0.124541251784199,0.118954442514916,0.009958246744025
0,60,205,84,156,0.194769593804806,0.11520001886313,0.13307467112506
0,61,91,253,74,0.15320660513674,0.376846481021187,0.043687840965835
0,62,98,123,29,0.053069489818061,0.077801808205069,0.007278788305134
0,63,243,209,201,0.333472668616913,0.314990793834909,0.235680746923441
0,64,154,5,112,0.098895440632384,0.050375206291924,0.065206615546667
0,65,12,172,166,0.075351685086514,0.148423887890541,0.165087320995868
0,66,15,39,122,0.016042564749367,0.012014813694799,0.081695253323981
0,67,153,143,171,0.131360525937389,0.129150341283569,0.170480014961113
0,68,246,88,22,0.292489785057093,0.167234492793791,0.002819332449733
0,69,97,241,192,0.160791075908586,0.323360633981796,0.22566650601392
0,70,88,119,150,0.061841777891573,0.074222908926636,0.128804977476343
0,71,206,221,64,0.251447079997279,0.32544175044629,0.029809285526308
0,72,160,9,249,0.145804957503089,0.074529932406886,0.4065531593028
0,73,55,160,45,0.052350429920442,0.125471661412713,0.015729973531604
0,74,32,72,236,0.068730842745126,0.045771442588904,0.366527342840289
0,75,182,224,58,0.211392745815419,0.316857678622878,0.028027425278981
0,76,216,54,128,0.213055388814864,0.11383128429301,0.083039802665431
0,77,79,159,87,0.064529827735964,0.12680104628962,0.044685668596956
0,78,119,26,1,0.050397324285609,0.026991901938542,0.000350670788759
0,79,225,176,214,0.274862175506745,0.231243867649616,0.276192506358622
0,80,143,103,108,0.093799081478637,0.078253880507667,0.061499102225248
0,81,25,206,186,0.107553589728596,0.220384416352752,0.212514531707908
0,82,21,105,52,0.019654981844602,0.047181876098514,0.015222864393173
0,83,130,192,226,0.149352092442464,0.198434947805901,0.324125734821132
0,84,236,24,88,0.26115130755379,0.133300369787085,0.035984298050852
0,85,122,190,142,0.119578913598705,0.196620098216876,0.115263630539311
0,86,67,56,215,0.062820627556871,0.038102468394552,0.296983473458398
0,87,212,145,15,0.219646140376697,0.179686052468826,0.005788047867141
0,88,187,70,180,0.163859924310933,0.093124786749761,0.189096115249979
0,89,45,238,98,0.12277491483076,0.321034968679387,0.062513982310539
0,90,59,7,162,0.03517881977366,0.018209419633444,0.155504953481151
0,91,173,174,116,0.164620900371902,0.190933381113965,0.073107095311623
0,92,194,121,206,0.191024567867582,0.132875239704664,0.25835598015578
0,93,85,207,24,0.099298640112362,0.232831572837363,0.015686161818322
0,94,108,86,78,0.051969850928581,0.048309823914253,0.03147548195515
0,95,250,255,152,0.384465632586734,0.461089153752503,0.126471883270763
0,96,148,41,35,0.084189519741679,0.046455346070451,0.005542578740711
0,97,3,129,243,0.087118930478199,0.090318219230219,0.391199165642454
0,98,6,94,134,0.029549023771857,0.042797360499322,0.101320410699336
0,99,147,246,81,0.187787065413218,0.366585321038166,0.046889286700716
0,100,253,32,234,0.320153673847492,0.16380107819515,0.334969273736262
0,101,108,137,60,0.067461117681498,0.099218070851982,0.020662863236192
0,102,82,16,106,0.030591615097591,0.016031967297078,0.059681656385169
0,103,196,165,188,0.207166913645573,0.189174988065942,0.208116142248938
0,104,169,113,7,0.127432397572836,0.103811540335994,0.003170038578124
0,105,60,216,207,0.128289688346177,0.244533133725295,0.269277185061596
0,106,42,48,16,0.007803042454881,0.010393603467021,0.00154880673815
0,107,187,153,198,0.188991107338681,0.164644486280633,0.236027699159687
0,108,210,78,125,0.201250813299476,0.11602087545402,0.079359733861378
0,109,68,231,169,0.132857588770099,0.292102318941621,0.171142887436794
0,110,125,98,251,0.117517384188792,0.07990260902411,0.414014362179012
0,111,235,199,42,0.301696573666605,0.298805826980647,0.016673554269124
0,112,133,31,144,0.078400488623092,0.041666496160173,0.115407085485104
0,113,20,182,70,0.063745367412547,0.16835936517719,0.031797336428388
0,114,30,17,200,0.044980382226704,0.023479105018081,0.253975926306314
0,115,136,184,30,0.118825776206033,0.19266065665377,0.013083827931377
0,116,229,111,164,0.255278366469189,0.159388373825809,0.146549787994354
0,117,112,198,114,0.113383220831556,0.212491446937728,0.074310208138792
0,118,73,64,37,0.021975770190792,0.022596374512917,0.007001558268773
0,119,223,233,241,0.309632560771674,0.347856933549079,0.357999710401844
0,120,177,62,72,0.130851491675453,0.075275000582881,0.024061441871847
0,121,40,150,158,0.061527114524052,0.109210936887411,0.146667708058782
0,122,50,127,94,0.038234903008528,0.074168255158569,0.049189769151952
0,123,167,214,136,0.18584291299533,0.274609336529404,0.104061661191915
0,124,201,2,50,0.175632661352815,0.088986899513748,0.010429080922139
0,125,95,168,228,0.114557416295816,0.146161324136705,0.334311869797054
0,126,102,46,178,0.063469579638214,0.036587771590971,0.190669483339373
0,127,239,135,100,0.283514632127368,0.195968129001159,0.048902489305004
0,128,158,81,221,0.13531413341872,0.08223178162603,0.308887089383993
0,129,8,248,9,0.130075153735468,0.367037203979148,0.022540696573527
0,130,10,27,180,0.035059949652932,0.019530862207135,0.199302197492148
0,131,159,179,100,0.146809558444178,0.192542070463616,0.056021388774915
0,132,241,100,217,0.290886478709203,0.167673338291313,0.282570414357308
0,133,104,205,15,0.107914266563155,0.231730897006681,0.013690128569903
0,134,94,75,89,0.041361486594368,0.036576993341466,0.042450885505562
0,135,200,225,143,0.246644817190995,0.324788205408102,0.113992431179284
0,136,165,53,53,0.109946801542928,0.062394291137388,0.012696251487101
0,137,48,156,227,0.092880218699174,0.1219479890402,0.332990521766953
0,138,38,116,35,0.024905734075998,0.058900060944495,0.008825788216214
0,139,175,220,245,0.222168906360087,0.28004193620661,0.380743163931455
0,140,221,10,79,0.222261842209632,0.112794816859803,0.028230469435121
0,141,72,163,153,0.075906389317141,0.132928373038907,0.136259850755594
0,142,113,38,207,0.08159684769116,0.043922125339116,0.270985855063244
0,143,231,140,26,0.263696195047983,0.193980541254452,0.006854025924833
0,144,137,91,163,0.0947625386704,0.069610638004692,0.153530152511455
0,145,32,242,117,0.128621546722531,0.333546625066395,0.083871191226559
0,146,18,85,251,0.079035790152296,0.05608790708309,0.420190153658496
0,147,132,252,45,0.177974827559788,0.38390596022816,0.028740469307885
0,148,233,44,151,0.257164575274132,0.133700087651481,0.120743670197445
0,149,124,130,65,0.07805652493163,0.095859876304437,0.02285162213199
1,0,0,0,0,0.000144093391631,0.000159531843444,0.000213343513055
1,1,255,255,255,0.385410703145339,0.425233196322327,0.386068465986388
1,2,11,115,212,0.064501170950335,0.068730783202666,0.28390818021142
1,3,157,218,2,0.168811808849496,0.285820789968582,0.014996272709452
1,4,242,14,183,0.279731822309383,0.142425424517955,0.186713255707736
1,5,101,163,110,0.07989323606923,0.135510551575845,0.066340741159821
1,6,92,34,56,0.030056224858112,0.017898410042618,0.014507212854809
1,7,202,139,237,0.213871288781281,0.154855943357095,0.349578692086896
1,8,164,93,84,0.11398808300206,0.081391029212064,0.035519411074103
1,9,51,244,130,0.132852743210995,0.333772864585413,0.098878902686866
1,10,36,29,67,0.007730917505577,0.005946713732309,0.0214544679965
1,11,178,180,147,0.175191679768413,0.199846542729485,0.11830530543932
1,12,220,100,46,0.220020962352135,0.137565069117529,0.009893369264468
1,13,75,202,248,0.134530979402456,0.203658765458972,0.395186946501165
1,14,115,76,174,0.072832287732232,0.050325819045778,0.177134188810869
1,15,229,229,120,0.303535573064178,0.357746932514942,0.077261678816337
1,16,139,50,194,0.098508592122309,0.054755297973427,0.227703479565301
1,17,29,155,21,0.042297536478097,0.113774192078807,0.008718291967819
1,18,17,60,154,0.027544697382355,0.022943371699894,0.136258249506681
1,19,134,149,76,0.095437160484519,0.124737775988084,0.031642937637244
1,20,232,66,246,0.265633789574927,0.140886911221712,0.375703215696953
1,21,126,235,32,0.150715207545949,0.320695327107045,0.021587672912865
1,22,71,109,118,0.041045178103852,0.056787050606619,0.074901815506877
1,23,208,196,160,0.2377770755826,0.252712770351147,0.14090197312206
1,24,191,19,27,0.150288648260703,0.07668261575711,0.002886444325288
1,25,41,186,203,0.097899489717941,0.170868220941127,0.256684955245087
1,26,63,83,12,0.020443733588438,0.031489803465627,0.002408873446029
1,27,169,250,218,0.230491021469761,0.361999311558226,0.289892778549947
1,28,198,44,96,0.166963655841633,0.088342547503317,0.04449654508495
1,29,81,133,182,0.071937065347482,0.088902937898339,0.198643766856057
1,30,104,4,223,0.081435931923845,0.041761459248969,0.319555338766979
1,31,254,169,55,0.332056847341306,0.25963962765723,0.017456592974984
1,32,144,125,140,0.104465967140214,0.098684209974121,0.106851219916264
1,33,7,212,90,0.091214251762295,0.242384382438303,0.052103564712363
1,34,2,11,40,0.001545318678387,0.001135523073257,0.00749666475212
1,35,151,162,254,0.160268848884897,0.152037390799363,0.414167867955129
1,36,249,117,69,0.300909061892806,0.187914791261129,0.021016096395615
1,37,112,219,146,0.13388189246963,0.261553488839343,0.121846098747262
1,38,86,90,196,0.066937445621082,0.053821973639332,0.236266682294407
1,39,192,243,19,0.241856900070242,0.378730969478265,0.020393865649386
1,40,173,37,168,0.133965971990179,0.070373594091037,0.160566983692356
1,41,56,141,126,0.051113439879613,0.093355133924613,0.087459581461121
1,42,46,101,189,0.053088614137944,0.054027658546865,0.218523233618584
1,43,183,204,105,0.194782098361078,0.256541277109996,0.061181960017082
1,44,213,28,210,0.215802083110251,0.11049846604324,0.266137166709519
1,45,64,178,4,0.065428685930367,0.16029853324721,0.009971964753052
1,46,121,52,82,0.056315163140795,0.035161053311527,0.033949860220706
1,47,239,157,132,0.287446827977477,0.219372696473223,0.087666357534546
1,48,129,74,62,0.065142073238304,0.047507534410203,0.018336497758844
1,49,24,226,232,0.14132561295881,0.267066357246409,0.342361362138233
1,50,26,68,102,0.01652637561817,0.021171574215557,0.055255178173208
1,51,140,236,176,0.178066833009521,0.31591173622639,0.182028269606816
1,52,225,58,10,0.228640855848465,0.123097313810293,0.000956545841688
1,53,116,147,220,0.111050256638528,0.117713448138477,0.305178892874456
1,54,77,22,138,0.034467691503801,0.018574956336563,0.105342766413363
1,55,219,188,92,0.252911803198535,0.252457645302319,0.046222480816767
1,56,181,107,229,0.170431950741936,0.11111080784076,0.328329513450456
1,57,36,194,49,0.07176159211685,0.192586942803737,0.021205247693333
1,58,54,43,240,0.071054652630216,0.039136322904501,0.378120221177028
1,59,163,131,38,0.122153734755709,0.116719022784901,0.010023620007336
1,60,205,84,156,0.192084698846334,0.113380679609994,0.131945143088024
1,61,91,253,74,0.150719892591763,0.372096772691105,0.04353527015448
1,62,98,123,29,0.051907560116905,0.076275936351014,0.007259526345417
1,63,243,209,201,0.328056574128579,0.309887546255883,0.233037155419472
1,64,154,5,112,0.097351328041152,0.049590125844601,0.064664304577232
1,65,12,172,166,0.074272407613215,0.146414664462566,0.163148459754341
1,66,15,39,122,0.015956316461427,0.011873869797655,0.080864601812061
1,67,153,143,171,0.12918126262048,0.126816024926497,0.168725486881474
1,68,246,88,22,0.288404213872574,0.165010157095631,0.002598954644345
1,69,97,241,192,0.158411737556613,0.318948597564295,0.223225686254805
1,70,88,119,150,0.060728236443097,0.072678413373541,0.127623016212635
1,71,206,221,64,0.247610808265866,0.320842946993243,0.029584249952673
1,72,160,9,249,0.1434962965561,0.073482151753631,0.403061726407612
1,73,55,160,45,0.051360602080347,0.123395835919478,0.015643325638991
1,74,32,72,236,0.068540530034552,0.045271083296052,0.363762938063685
1,75,182,224,58,0.208170797833815,0.312666320624491,0.027509710091843
1,76,216,54,128,0.210147284567211,0.112340509658064,0.082177276367397
1,77,79,159,87,0.063280625830402,0.124591481767488,0.044383331563436
1,78,119,26,1,0.049530148740049,0.02654784447475,0.000644280432286
1,79,225,176,214,0.270470233836713,0.22757624794265,0.2728240314011
1,80,143,103,108,0.092227952499671,0.076828848196077,0.060824130077088
1,81,25,206,186,0.106038509898291,0.21720764335412,0.21068742737734
1,82,21,105,52,0.019353764053228,0.046411864418899,0.015141273189401
1,83,130,192,226,0.147542617741688,0.195434868868841,0.321888272557459
1,84,236,24,88,0.257955351721217,0.131684812562614,0.035598206406782
1,85,122,190,142,0.117490960120372,0.193585157776781,0.113771254233327
1,86,67,56,215,0.062556411881846,0.037750838772533,0.294835932782209
1,87,212,145,15,0.21643767435874,0.177019865629359,0.0056145685887
1,88,187,70,180,0.16178608232816,0.091961571510091,0.187358392658943
1,89,45,238,98,0.121277490476429,0.3171239512437,0.062031280977133
1,90,59,7,162,0.034820845645106,0.018060918415796,0.154289355948987
1,91,173,174,116,0.162041194537667,0.187972034411136,0.072317013173774
1,92,194,121,206,0.188582528359109,0.130859627530633,0.256187399019401
1,93,85,207,24,0.097580732602241,0.229713661592269,0.015459979001821
1,94,108,86,78,0.051044638409465,0.047410146355042,0.031222842983226
1,95,250,255,152,0.378647916181831,0.454323186678642,0.125024591371266
1,96,148,41,35,0.082965100057394,0.045746359065524,0.0057833985441
1,97,3,129,243,0.086216570735599,0.089189509305307,0.388376084917071
1,98,6,94,134,0.029208066093686,0.042178527295007,0.100391570382532
1,99,147,246,81,0.185071785154281,0.362010681033573,0.046612481093084
1,100,253,32,234,0.315651272548831,0.161583450554065,0.332414129795268
1,101,108,137,60,0.066329821248099,0.097546981169316,0.020489693223151
1,102,82,16,106,0.030192146644756,0.015844330443572,0.059221017727625
1,103,196,165,188,0.204104590499355,0.186109212973614,0.206178216117549
1,104,169,113,7,0.125682801957624,0.102219003989176,0.003509261323875
1,105,60,216,207,0.12667238156507,0.241307343015624,0.266963491766685
1,106,42,48,16,0.007724044183643,0.01025336020574,0.001818328083466
1,107,187,153,198,0.186268084651294,0.161869818549162,0.23410909206696
1,108,210,78,125,0.198679302730988,0.11445712830679,0.078429860524909
1,109,68,231,169,0.130937038127764,0.28845131551143,0.169177060266546
1,110,125,98,251,0.11596245024874,0.078515685945095,0.411169528254136
1,111,235,199,42,0.298002062314922,0.294769952064742,0.016922975019528
1,112,133,31,144,0.077441822716409,0.041112004708151,0.114877165806484
1,113,20,182,70,0.062830970558884,0.166314282998525,0.031492765639413
1,114,30,17,200,0.04493106987489,0.023375834364493,0.252755842607909
1,115,136,184,30,0.116943592521635,0.190039428175719,0.012993079228194
1,116,229,111,164,0.252315742537227,0.157129969171368,0.145630630277923
1,117,112,198,114,0.111610362512539,0.209597366741991,0.073660764106296
1,118,73,64,37,0.021590243474025,0.02221165519771,0.007120950341182
1,119,223,233,241,0.3051547030765,0.342382265113581,0.354800915440704
1,120,177,62,72,0.129322291553815,0.074424599654859,0.024072010332533
1,121,40,150,158,0.060798699635129,0.107584914101375,0.145580662016697
1,122,50,127,94,0.0376574889577,0.07300138410264,0.048848906030087
1,123,167,214,136,0.182786206382486,0.270642797983451,0.103011444436021
1,124,201,2,50,0.173952928149366,0.088309346905384,0.010565875017073
1,125,95,168,228,0.112960183274802,0.143765499354241,0.331561621275352
1,126,102,46,178,0.062699095972759,0.036135968791516,0.189302951491142
1,127,239,135,100,0.280318281242198,0.193360854615859,0.048353476214079
1,128,158,81,221,0.133284175250361,0.080875150391439,0.306889696565456
1,129,8,248,9,0.128209496533084,0.363255034326097,0.022604585144671
1,130,10,27,180,0.034874099111776,0.019276543306372,0.198004630422093
1,131,159,179,100,0.144497489884152,0.189556241110546,0.055575481921003
1,132,241,100,217,0.287147417048387,0.165357467938499,0.280798934582876
1,133,104,205,15,0.106230575713071,0.228707716750245,0.013936632778277
1,134,94,75,89,0.040712087578,0.035989645859309,0.042050673306006
1,135,200,225,143,0.243275848635167,0.320384678759453,0.113028048816833
1,136,165,53,53,0.108520228108673,0.061577103112728,0.012701016110399
1,137,48,156,227,0.091786059181018,0.120140534657747,0.331025996219333
1,138,38,116,35,0.02450479427393,0.057983914545262,0.008939352789804
1,139,175,220,245,0.218735486253488,0.275547689196137,0.377707732140351
1,140,221,10,79,0.219884478253566,0.11167964509652,0.02802983229341
1,141,72,163,153,0.074662998846459,0.130856666346061,0.135258701312804
1,142,113,38,207,0.080619747346476,0.043418917629468,0.269153346304276
1,143,231,140,26,0.260709578712157,0.191434263364462,0.006844046995582
1,144,137,91,163,0.093394283448669,0.06847984897959,0.152308258704023
1,145,32,242,117,0.12675895969718,0.32968793466435,0.083167808451429
1,146,18,85,251,0.078419370372383,0.055239368767386,0.417009322921231
1,147,132,252,45,0.175455835512493,0.379482929763586,0.028144702255206
1,148,233,44,151,0.25458539788698,0.132406395590917,0.119750782251358
1,149,124,130,65,0.076963375305623,0.094391013754045,0.022906998731328
2,0,0,0,0,0.000301049037416,0.000308121998435,0.000592416039375
2,1,255,255,255,0.390931928026656,0.428489411428598,0.389815608095162
2,2,11,115,212,0.064860257515376,0.069276140947818,0.286053278855134
2,3,157,218,2,0.170465894326374,0.28750951392549,0.015651984509594
2,4,242,14,183,0.282511326135841,0.143726617361665,0.188288569011302
2,5,101,163,110,0.080692779012244,0.136620836716434,0.066957678407902
2,6,92,34,56,0.030661136716114,0.01827108079901,0.014795424909757
2,7,202,139,237,0.215817588506802,0.156158332504391,0.351262774417431
2,8,164,93,84,0.115452256794176,0.082400471440319,0.035990845001937
2,9,51,244,130,0.133633156669422,0.3345962509387,0.10003096840897
2,10,36,29,67,0.007916972415424,0.006115919187914,0.021888102435549
2,11,178,180,147,0.176704999473561,0.201068594727255,0.119392768597522
2,12,220,100,46,0.221994326923736,0.138704458893307,0.010108924482496
2,13,75,202,248,0.13487305072286,0.204020959694644,0.397774544011702
2,14,115,76,174,0.073671008381869,0.05083677082795,0.178969923169138
2,15,229,229,120,0.305669586148941,0.359151030778154,0.077893043379032
2,16,139,50,194,0.099298623066133,0.055152168444188,0.229223258400065
2,17,29,155,21,0.04256201328916,0.114385456287772,0.008728563839719
2,18,17,60,154,0.027992749844543,0.023281428551628,0.137585476585221
2,19,134,149,76,0.096582907288222,0.125789831299696,0.032071137605418
2,20,232,66,246,0.267342069625003,0.142092387644754,0.377287199502026
2,21,126,235,32,0.15153716229272,0.321853984058724,0.021920609275784
2,22,71,109,118,0.041644166799934,0.057340197009686,0.075607711461518
2,23,208,196,160,0.239147238357799,0.253759446131456,0.141715335909912
2,24,191,19,27,0.151467251367772,0.077235197253044,0.002995921631685
2,25,41,186,203,0.098274915775007,0.171408340657497,0.258135770313886
2,26,63,83,12,0.020748625024015,0.031844844851145,0.002557227743467
2,27,169,250,218,0.231685568719991,0.363269127984067,0.291183904124259
2,28,198,44,96,0.168462218010943,0.089189200207976,0.044981240402361
2,29,81,133,182,0.072344067706639,0.089490833661767,0.199700791480531
2,30,104,4,223,0.082191907073431,0.042053098460805,0.320859968710688
2,31,254,169,55,0.334072063689832,0.261159731827302,0.017398114529697
2,32,144,125,140,0.105433423571051,0.099520616304527,0.107605252740387
2,33,7,212,90,0.091551936188856,0.242684893349645,0.052433660133479
2,34,2,11,40,0.001553266853172,0.001144846043795,0.007650298922162
2,35,151,162,254,0.161395205280862,0.152921646870656,0.415760760431167
2,36,249,117,69,0.302732291206919,0.189176447024266,0.021178080314726
2,37,112,219,146,0.134750139250002,0.262408564368285,0.122831798939739
2,38,86,90,196,0.067336956271021,0.054245895751753,0.237466004728082
2,39,192,243,19,0.242752460857481,0.379739425354935,0.020177482607197
2,40,173,37,168,0.13492992233244,0.070924545628728,0.161238850470233
2,41,56,141,126,0.051447763586939,0.093711134666576,0.088209475487443
2,42,46,101,189,0.053521947876303,0.054375826181557,0.219379754133466
2,43,183,204,105,0.19569983661042,0.257305844297952,0.061586662483971
2,44,213,28,210,0.216797819912535,0.111108866480333,0.267191141869267
2,45,64,178,4,0.065848302744061,0.160902667272568,0.009901777743815
2,46,121,52,82,0.056835413156405,0.035509931727441,0.03425339151236
2,47,239,157,132,0.289041309184286,0.220468873401187,0.088271411084708
2,48,129,74,62,0.065631995248757,0.047899973822615,0.018487625196418
2,49,24,226,232,0.142021161392053,0.267564181820879,0.343906678091232
2,50,26,68,102,0.016683120293864,0.021362521637686,0.055669509076719
2,51,140,236,176,0.178795613701191,0.316678148005321,0.182584937889928
2,52,225,58,10,0.229857852241265,0.123600245644605,0.000903722104217
2,53,116,147,220,0.111186784703588,0.117889309232178,0.305868094660446
2,54,77,22,138,0.034694325917743,0.018670375333624,0.10592381920279
2,55,219,188,92,0.253708399588521,0.253066095790473,0.046383729746653
2,56,181,107,229,0.17145145094875,0.111683987250665,0.32915326104998
2,57,36,194,49,0.072346412792288,0.193073072690888,0.02137928944296
2,58,54,43,240,0.071065244962453,0.039268328752269,0.378375883461592
2,59,163,131,38,0.122901309676625,0.117296410505962,0.009995246480703
2,60,205,84,156,0.192813462858328,0.113936143723943,0.132325566040624
2,61,91,253,74,0.150910022145837,0.372586151165889,0.043531232385544
2,62,98,123,29,0.05226796716206,0.076653411924841,0.007353522116281
2,63,243,209,201,0.32900241482,0.310487673721127,0.233416160637217
2,64,154,5,112,0.097777207727948,0.049833918775665,0.064900105008512
2,65,12,172,166,0.074664534947374,0.146678769805177,0.164029009545799
2,66,15,39,122,0.015926146817818,0.01188769688466,0.081262117131456
2,67,153,143,171,0.129567348526802,0.127104222185846,0.169548298667119
2,68,246,88,22,0.289847165806546,0.165684862406197,0.002871737293421
2,69,97,241,192,0.158696619468852,0.319295358174642,0.223816109105573
2,70,88,119,150,0.060963826801376,0.073018888124349,0.128021821653158
2,71,206,221,64,0.248610187164355,0.321445024136519,0.029661765815671
2,72,160,9,249,0.144527845476074,0.073752175630506,0.404673935159178
2,73,55,160,45,0.051667382780756,0.123857161960745,0.01578879242067
2,74,32,72,236,0.068300814996301,0.045171829836835,0.36493556938882
2,75,182,224,58,0.208784818394478,0.313144475039543,0.027843504469872
2,76,216,54,128,0.210958805031012,0.112665960870997,0.082619754979548
2,77,79,159,87,0.063592317343123,0.12493546685825,0.044454670647672
2,78,119,26,1,0.049824827347164,0.026715792021875,0.000643598998332
2,79,225,176,214,0.271403298100286,0.227973327926404,0.274298543654979
2,80,143,103,108,0.092601224933935,0.077101781732351,0.06105427610481
2,81,25,206,186,0.10633813121195,0.217594336180216,0.211044192623926
2,82,21,105,52,0.019468691790414,0.046560431084569,0.015197611532496
2,83,130,192,226,0.147614267388626,0.195505607675066,0.322854210185717
2,84,236,24,88,0.258749292967546,0.132000665258343,0.035779368632664
2,85,122,190,142,0.117785771842859,0.193912919902488,0.114133945666092
2,86,67,56,215,0.062412966095962,0.037622114233287,0.295503239800548
2,87,212,145,15,0.217349873729088,0.177495589624814,0.006053349060811
2,88,187,70,180,0.162050262516628,0.091970414090142,0.188037017574126
2,89,45,238,98,0.121560051216637,0.317625499501974,0.061723150314538
2,90,59,7,162,0.035009072776636,0.018025113697356,0.15485320994362
2,91,173,174,116,0.162506348438609,0.188369853159896,0.072447973337492
2,92,194,121,206,0.189157489854968,0.131178210757337,0.257232849982683
2,93,85,207,24,0.097866011136243,0.230056933362552,0.015706048275158
2,94,108,86,78,0.051243264111181,0.047569829893671,0.031336857420661
2,95,250,255,152,0.379513091214116,0.454983597168125,0.125534991479892
2,96,148,41,35,0.083298835659858,0.045950579586228,0.005664030736638
2,97,3,129,243,0.086493499641043,0.089175506067771,0.388995264933649
2,98,6,94,134,0.029261524525875,0.042231542759369,0.100689232439194
2,99,147,246,81,0.184893355225169,0.36198785470319,0.046736858140425
2,100,253,32,234,0.316631464746274,0.161936351408373,0.333404064729064
2,101,108,137,60,0.066540751459425,0.097841925693395,0.020510033733885
2,102,82,16,106,0.030299926211516,0.015934896214221,0.059446139751155
2,103,196,165,188,0.204780398008905,0.186575755246476,0.206655150189562
2,104,169,113,7,0.126011655246589,0.102507783902141,0.003392520123248
2,105,60,216,207,0.126727045366931,0.241274564725339,0.267801583950792
2,106,42,48,16,0.007780951510595,0.010305443638147,0.001830451454816
2,107,187,153,198,0.186674217146861,0.162018003568476,0.234844834951346
2,108,210,78,125,0.199135340720305,0.114732259503131,0.078670866390691
2,109,68,231,169,0.13127032166953,0.288654417136993,0.169860375879396
2,110,125,98,251,0.116245883340146,0.078684824209109,0.411527779872062
2,111,235,199,42,0.29866354071455,0.295230675403755,0.016837171483896
2,112,133,31,144,0.077515006828658,0.041215760610228,0.114739812776971
2,113,20,182,70,0.062764915893433,0.166478932163448,0.031465375942771
2,114,30,17,200,0.044890931668191,0.023471657604408,0.252855285488904
2,115,136,184,30,0.117263603772856,0.190357683508855,0.01309951626321
2,116,229,111,164,0.252672604947128,0.157480391863624,0.145729266383064
2,117,112,198,114,0.111814664089159,0.209805963291821,0.074087195322024
2,118,73,64,37,0.021670316074769,0.022265776356619,0.007150913999176
2,119,223,233,241,0.305773201283247,0.342933579872329,0.355740562091497
2,120,177,62,72,0.129483117110597,0.074554505603392,0.024094862249586
2,121,40,150,158,0.060925543893235,0.107753608215256,0.145777547725712
2,122,50,127,94,0.037790388686497,0.07319220142794,0.048994735314468
2,123,167,214,136,0.183159035137064,0.270958945153339,0.103305403077237
2,124,201,2,50,0.174135749907133,0.088294138174459,0.010604932341607
2,125,95,168,228,0.113070740149051,0.144189173612515,0.331910097353748
2,126,102,46,178,0.062786948924045,0.036252104106878,0.189838862039262
2,127,239,135,100,0.280601232822768,0.193566484764017,0.048423001596921
2,128,158,81,221,0.133669550400945,0.081025313775563,0.307135223109074
2,129,8,248,9,0.128811984220487,0.363522690141119,0.022510277878234
2,130,10,27,180,0.034845292519627,0.019311857354958,0.198232666633189
2,131,159,179,100,0.144889547434615,0.189883919094519,0.055560333163417
2,132,241,100,217,0.287828917719513,0.165772339290604,0.281101501131928
2,133,104,205,15,0.106456494346399,0.228915792189296,0.013781764106063
2,134,94,75,89,0.04084205801974,0.036067125952627,0.042210402189214
2,135,200,225,143,0.243587257232561,0.320725960667467,0.113004963510596
2,136,165,53,53,0.108773575687362,0.061747360621025,0.012682751694398
2,137,48,156,227,0.092020376708492,0.12025904036755,0.331285796624955
2,138,38,116,35,0.024562366192252,0.058113618643169,0.008941803343414
2,139,175,220,245,0.219054738773634,0.275991670411358,0.377787731161998
2,140,221,10,79,0.220383950933334,0.111919393478617,0.028011578702275
2,141,72,163,153,0.074908910818242,0.131079074795568,0.135436329603094
2,142,113,38,207,0.080677104457892,0.043370979323823,0.269301020457497
2,143,231,140,26,0.2609174897965,0.19156548603931,0.006920027368887
2,144,137,91,163,0.093660568513004,0.068662838039953,0.152538628521014
2,145,32,242,117,0.126908077311737,0.329918736178893,0.082780901834777
2,146,18,85,251,0.078557739248797,0.055254818358363,0.417882721098665
2,147,132,252,45,0.175253862135753,0.379091257303687,0.028643541723715
2,148,233,44,151,0.25465620785227,0.132390072870477,0.11996224285093
2,149,124,130,65,0.076977457199579,0.094412256357619,0.022945409964389
