rep,id,r,g,b,nm,power
0,0,255,255,255,384.0,2.199e-26
0,0,255,255,255,388.0,2.105e-26
0,0,255,255,255,392.0,1.976e-26
0,0,255,255,255,396.0,1.861e-26
0,0,255,255,255,400.0,1.736e-26
0,0,255,255,255,404.0,5.124e-06
0,0,255,255,255,408.0,1.203e-05
0,0,255,255,255,412.0,3.463e-05
0,0,255,255,255,416.0,9.329e-05
0,0,255,255,255,420.0,0.0002311
0,0,255,255,255,424.0,0.000554
0,0,255,255,255,428.0,0.001227
0,0,255,255,255,432.0,0.002538
0,0,255,255,255,436.0,0.00511
0,0,255,255,255,440.0,0.009223
0,0,255,255,255,444.0,0.01338
0,0,255,255,255,448.0,0.01455
0,0,255,255,255,452.0,0.01215
0,0,255,255,255,456.0,0.008947
0,0,255,255,255,460.0,0.006939
0,0,255,255,255,464.0,0.005156
0,0,255,255,255,468.0,0.003588
0,0,255,255,255,472.0,0.002581
0,0,255,255,255,476.0,0.002088
0,0,255,255,255,480.0,0.001822
0,0,255,255,255,484.0,0.001553
0,0,255,255,255,488.0,0.001408
0,0,255,255,255,492.0,0.001421
0,0,255,255,255,496.0,0.001546
0,0,255,255,255,500.0,0.001755
0,0,255,255,255,504.0,0.00205
0,0,255,255,255,508.0,0.002401
0,0,255,255,255,512.0,0.002743
0,0,255,255,255,516.0,0.003103
0,0,255,255,255,520.0,0.003496
0,0,255,255,255,524.0,0.003867
0,0,255,255,255,528.0,0.004248
0,0,255,255,255,532.0,0.004606
0,0,255,255,255,536.0,0.00479
0,0,255,255,255,540.0,0.004856
0,0,255,255,255,544.0,0.004898
0,0,255,255,255,548.0,0.004875
0,0,255,255,255,552.0,0.004747
0,0,255,255,255,556.0,0.004614
0,0,255,255,255,560.0,0.004502
0,0,255,255,255,564.0,0.004323
0,0,255,255,255,568.0,0.004006
0,0,255,255,255,572.0,0.003533
0,0,255,255,255,576.0,0.003154
0,0,255,255,255,580.0,0.002946
0,0,255,255,255,584.0,0.002935
0,0,255,255,255,588.0,0.003097
0,0,255,255,255,592.0,0.003353
0,0,255,255,255,596.0,0.003537
0,0,255,255,255,600.0,0.003591
0,0,255,255,255,604.0,0.003501
0,0,255,255,255,608.0,0.00329
0,0,255,255,255,612.0,0.002978
0,0,255,255,255,616.0,0.002665
0,0,255,255,255,620.0,0.002397
0,0,255,255,255,624.0,0.002183
0,0,255,255,255,628.0,0.001961
0,0,255,255,255,632.0,0.001773
0,0,255,255,255,636.0,0.001618
0,0,255,255,255,640.0,0.001469
0,0,255,255,255,644.0,0.001316
0,0,255,255,255,648.0,0.001167
0,0,255,255,255,652.0,0.001046
0,0,255,255,255,656.0,0.0009327
0,0,255,255,255,660.0,0.0008251
0,0,255,255,255,664.0,0.0007345
0,0,255,255,255,668.0,0.0006467
0,0,255,255,255,672.0,0.0005679
0,0,255,255,255,676.0,0.0005002
0,0,255,255,255,680.0,0.000449
0,0,255,255,255,684.0,0.0004008
0,0,255,255,255,688.0,0.0003576
0,0,255,255,255,692.0,0.0003136
0,0,255,255,255,696.0,0.0002815
0,0,255,255,255,700.0,0.0002394
0,0,255,255,255,704.0,0.000223
0,0,255,255,255,708.0,0.0002092
0,0,255,255,255,712.0,0.0001986
0,0,255,255,255,716.0,0.0001761
0,0,255,255,255,720.0,0.0001492
0,0,255,255,255,724.0,0.0001424
0,0,255,255,255,728.0,0.0001088
0,0,255,255,255,732.0,8.145e-05
0,0,255,255,255,736.0,5.534e-05
0,0,255,255,255,740.0,7.708e-05
0,0,255,255,255,744.0,6.592e-05
0,0,255,255,255,748.0,7.297e-05
0,0,255,255,255,752.0,6.419e-05
0,0,255,255,255,756.0,7.111e-05
0,0,255,255,255,760.0,4.591e-05
0,0,255,255,255,764.0,5.233e-05
0,0,255,255,255,768.0,7.242e-05
0,0,255,255,255,772.0,6.224e-05
0,0,255,255,255,776.0,8.827e-05
0,0,255,255,255,780.0,4.003e-05
0,1,0,0,0,384.0,1.103e-27
0,1,0,0,0,388.0,1.056e-27
0,1,0,0,0,392.0,9.915e-28
0,1,0,0,0,396.0,9.336e-28
0,1,0,0,0,400.0,8.707e-28
0,1,0,0,0,404.0,8.037e-28
0,1,0,0,0,408.0,1.315e-07
0,1,0,0,0,412.0,2.311e-07
0,1,0,0,0,416.0,1.21e-07
0,1,0,0,0,420.0,2.346e-07
0,1,0,0,0,424.0,9.044e-07
0,1,0,0,0,428.0,1.825e-06
0,1,0,0,0,432.0,3.801e-06
0,1,0,0,0,436.0,7.353e-06
0,1,0,0,0,440.0,1.241e-05
0,1,0,0,0,444.0,1.734e-05
0,1,0,0,0,448.0,1.797e-05
0,1,0,0,0,452.0,1.436e-05
0,1,0,0,0,456.0,1.032e-05
0,1,0,0,0,460.0,7.654e-06
0,1,0,0,0,464.0,5.568e-06
0,1,0,0,0,468.0,4.175e-06
0,1,0,0,0,472.0,3.185e-06
0,1,0,0,0,476.0,2.66e-06
0,1,0,0,0,480.0,2.438e-06
0,1,0,0,0,484.0,2.143e-06
0,1,0,0,0,488.0,2.041e-06
0,1,0,0,0,492.0,2.006e-06
0,1,0,0,0,496.0,2.114e-06
0,1,0,0,0,500.0,2.411e-06
0,1,0,0,0,504.0,2.643e-06
0,1,0,0,0,508.0,2.847e-06
0,1,0,0,0,512.0,3.009e-06
0,1,0,0,0,516.0,3.44e-06
0,1,0,0,0,520.0,3.529e-06
0,1,0,0,0,524.0,3.506e-06
0,1,0,0,0,528.0,3.735e-06
0,1,0,0,0,532.0,3.758e-06
0,1,0,0,0,536.0,3.909e-06
0,1,0,0,0,540.0,3.725e-06
0,1,0,0,0,544.0,3.574e-06
0,1,0,0,0,548.0,3.38e-06
0,1,0,0,0,552.0,3.291e-06
0,1,0,0,0,556.0,3.153e-06
0,1,0,0,0,560.0,2.989e-06
0,1,0,0,0,564.0,2.577e-06
0,1,0,0,0,568.0,2.383e-06
0,1,0,0,0,572.0,2.071e-06
0,1,0,0,0,576.0,1.973e-06
0,1,0,0,0,580.0,1.814e-06
0,1,0,0,0,584.0,1.816e-06
0,1,0,0,0,588.0,1.871e-06
0,1,0,0,0,592.0,2.008e-06
0,1,0,0,0,596.0,2.245e-06
0,1,0,0,0,600.0,2.311e-06
0,1,0,0,0,604.0,2.128e-06
0,1,0,0,0,608.0,1.678e-06
0,1,0,0,0,612.0,1.516e-06
0,1,0,0,0,616.0,1.451e-06
0,1,0,0,0,620.0,1.175e-06
0,1,0,0,0,624.0,1.01e-06
0,1,0,0,0,628.0,5.343e-07
0,1,0,0,0,632.0,7.7e-07
0,1,0,0,0,636.0,9.498e-07
0,1,0,0,0,640.0,9.745e-07
0,1,0,0,0,644.0,5.647e-07
0,1,0,0,0,648.0,8.668e-07
0,1,0,0,0,652.0,8.592e-07
0,1,0,0,0,656.0,6.638e-07
0,1,0,0,0,660.0,7.964e-07
0,1,0,0,0,664.0,1.037e-06
0,1,0,0,0,668.0,1.462e-06
0,1,0,0,0,672.0,1.202e-06
0,1,0,0,0,676.0,9.223e-07
0,1,0,0,0,680.0,1.406e-06
0,1,0,0,0,684.0,1.556e-06
0,1,0,0,0,688.0,1.608e-06
0,1,0,0,0,692.0,1.801e-06
0,1,0,0,0,696.0,1.621e-06
0,1,0,0,0,700.0,2.434e-06
0,1,0,0,0,704.0,2.116e-06
0,1,0,0,0,708.0,2.491e-06
0,1,0,0,0,712.0,3.133e-06
0,1,0,0,0,716.0,2.619e-06
0,1,0,0,0,720.0,2.405e-06
0,1,0,0,0,724.0,2.416e-06
0,1,0,0,0,728.0,2.093e-06
0,1,0,0,0,732.0,1.779e-06
0,1,0,0,0,736.0,9.848e-07
0,1,0,0,0,740.0,2.461e-06
0,1,0,0,0,744.0,1.517e-06
0,1,0,0,0,748.0,1.526e-06
0,1,0,0,0,752.0,9.601e-07
0,1,0,0,0,756.0,1.401e-06
0,1,0,0,0,760.0,3.002e-06
0,1,0,0,0,764.0,1.724e-06
0,1,0,0,0,768.0,2.996e-06
0,1,0,0,0,772.0,3.223e-06
0,1,0,0,0,776.0,5.424e-06
0,1,0,0,0,780.0,4.779e-06
0,2,172,174,169,384.0,7.834e-07
0,2,172,174,169,388.0,6.916e-27
0,2,172,174,169,392.0,1.189e-06
0,2,172,174,169,396.0,4.04e-06
0,2,172,174,169,400.0,4.756e-06
0,2,172,174,169,404.0,6.558e-06
0,2,172,174,169,408.0,1.007e-05
0,2,172,174,169,412.0,2.065e-05
0,2,172,174,169,416.0,4.65e-05
0,2,172,174,169,420.0,0.0001085
0,2,172,174,169,424.0,0.000256
0,2,172,174,169,428.0,0.0005529
0,2,172,174,169,432.0,0.001133
0,2,172,174,169,436.0,0.002272
0,2,172,174,169,440.0,0.004094
0,2,172,174,169,444.0,0.005934
0,2,172,174,169,448.0,0.006446
0,2,172,174,169,452.0,0.00538
0,2,172,174,169,456.0,0.003955
0,2,172,174,169,460.0,0.003068
0,2,172,174,169,464.0,0.002282
0,2,172,174,169,468.0,0.001585
0,2,172,174,169,472.0,0.001138
0,2,172,174,169,476.0,0.00092
0,2,172,174,169,480.0,0.0008042
0,2,172,174,169,484.0,0.0006825
0,2,172,174,169,488.0,0.0006167
0,2,172,174,169,492.0,0.0006196
0,2,172,174,169,496.0,0.000674
0,2,172,174,169,500.0,0.0007632
0,2,172,174,169,504.0,0.0008888
0,2,172,174,169,508.0,0.001035
0,2,172,174,169,512.0,0.001181
0,2,172,174,169,516.0,0.001336
0,2,172,174,169,520.0,0.001504
0,2,172,174,169,524.0,0.001657
0,2,172,174,169,528.0,0.001809
0,2,172,174,169,532.0,0.001962
0,2,172,174,169,536.0,0.002039
0,2,172,174,169,540.0,0.002065
0,2,172,174,169,544.0,0.002085
0,2,172,174,169,548.0,0.002077
0,2,172,174,169,552.0,0.002021
0,2,172,174,169,556.0,0.001951
0,2,172,174,169,560.0,0.001898
0,2,172,174,169,564.0,0.001822
0,2,172,174,169,568.0,0.001693
0,2,172,174,169,572.0,0.001493
0,2,172,174,169,576.0,0.001334
0,2,172,174,169,580.0,0.001252
0,2,172,174,169,584.0,0.001251
0,2,172,174,169,588.0,0.001316
0,2,172,174,169,592.0,0.001423
0,2,172,174,169,596.0,0.001504
0,2,172,174,169,600.0,0.001538
0,2,172,174,169,604.0,0.001499
0,2,172,174,169,608.0,0.001402
0,2,172,174,169,612.0,0.001271
0,2,172,174,169,616.0,0.001135
0,2,172,174,169,620.0,0.001018
0,2,172,174,169,624.0,0.0009266
0,2,172,174,169,628.0,0.0008373
0,2,172,174,169,632.0,0.0007584
0,2,172,174,169,636.0,0.000689
0,2,172,174,169,640.0,0.0006263
0,2,172,174,169,644.0,0.0005647
0,2,172,174,169,648.0,0.0004974
0,2,172,174,169,652.0,0.000442
0,2,172,174,169,656.0,0.0003932
0,2,172,174,169,660.0,0.0003479
0,2,172,174,169,664.0,0.0003069
0,2,172,174,169,668.0,0.0002723
0,2,172,174,169,672.0,0.0002367
0,2,172,174,169,676.0,0.0002042
0,2,172,174,169,680.0,0.0001816
0,2,172,174,169,684.0,0.0001637
0,2,172,174,169,688.0,0.0001431
0,2,172,174,169,692.0,0.0001241
0,2,172,174,169,696.0,0.0001093
0,2,172,174,169,700.0,9.689e-05
0,2,172,174,169,704.0,8.4e-05
0,2,172,174,169,708.0,7.292e-05
0,2,172,174,169,712.0,7.229e-05
0,2,172,174,169,716.0,6.256e-05
0,2,172,174,169,720.0,5.013e-05
0,2,172,174,169,724.0,4.501e-05
0,2,172,174,169,728.0,3.451e-05
0,2,172,174,169,732.0,2.568e-05
0,2,172,174,169,736.0,1.273e-05
0,2,172,174,169,740.0,1.855e-05
0,2,172,174,169,744.0,1.982e-05
0,2,172,174,169,748.0,1.952e-05
0,2,172,174,169,752.0,7.372e-06
0,2,172,174,169,756.0,1.728e-05
0,2,172,174,169,760.0,2.448e-05
0,2,172,174,169,764.0,2.292e-05
0,2,172,174,169,768.0,6.89e-06
0,2,172,174,169,772.0,3.349e-05
0,2,172,174,169,776.0,2.632e-05
0,2,172,174,169,780.0,1.226e-05
0,3,168,111,114,384.0,2.198e-06
0,3,168,111,114,388.0,2.926e-06
0,3,168,111,114,392.0,3.493e-06
0,3,168,111,114,396.0,3.225e-06
0,3,168,111,114,400.0,4.172e-06
0,3,168,111,114,404.0,5.325e-06
0,3,168,111,114,408.0,7.155e-06
0,3,168,111,114,412.0,1.225e-05
0,3,168,111,114,416.0,2.34e-05
0,3,168,111,114,420.0,5.181e-05
0,3,168,111,114,424.0,0.0001182
0,3,168,111,114,428.0,0.0002495
0,3,168,111,114,432.0,0.0005054
0,3,168,111,114,436.0,0.001004
0,3,168,111,114,440.0,0.001802
0,3,168,111,114,444.0,0.00261
0,3,168,111,114,448.0,0.002832
0,3,168,111,114,452.0,0.00236
0,3,168,111,114,456.0,0.001732
0,3,168,111,114,460.0,0.001344
0,3,168,111,114,464.0,0.0009983
0,3,168,111,114,468.0,0.0006919
0,3,168,111,114,472.0,0.0004923
0,3,168,111,114,476.0,0.0003914
0,3,168,111,114,480.0,0.0003347
0,3,168,111,114,484.0,0.0002799
0,3,168,111,114,488.0,0.0002507
0,3,168,111,114,492.0,0.0002492
0,3,168,111,114,496.0,0.0002681
0,3,168,111,114,500.0,0.0003024
0,3,168,111,114,504.0,0.0003499
0,3,168,111,114,508.0,0.0004051
0,3,168,111,114,512.0,0.0004592
0,3,168,111,114,516.0,0.0005178
0,3,168,111,114,520.0,0.0005801
0,3,168,111,114,524.0,0.0006357
0,3,168,111,114,528.0,0.00069
0,3,168,111,114,532.0,0.0007444
0,3,168,111,114,536.0,0.000772
0,3,168,111,114,540.0,0.0007795
0,3,168,111,114,544.0,0.000786
0,3,168,111,114,548.0,0.000784
0,3,168,111,114,552.0,0.0007615
0,3,168,111,114,556.0,0.0007352
0,3,168,111,114,560.0,0.0007148
0,3,168,111,114,564.0,0.0006859
0,3,168,111,114,568.0,0.0006385
0,3,168,111,114,572.0,0.0005679
0,3,168,111,114,576.0,0.000535
0,3,168,111,114,580.0,0.000573
0,3,168,111,114,584.0,0.000688
0,3,168,111,114,588.0,0.0008513
0,3,168,111,114,592.0,0.001037
0,3,168,111,114,596.0,0.001171
0,3,168,111,114,600.0,0.00125
0,3,168,111,114,604.0,0.001259
0,3,168,111,114,608.0,0.001215
0,3,168,111,114,612.0,0.001129
0,3,168,111,114,616.0,0.001032
0,3,168,111,114,620.0,0.0009423
0,3,168,111,114,624.0,0.0008688
0,3,168,111,114,628.0,0.0007864
0,3,168,111,114,632.0,0.0007143
0,3,168,111,114,636.0,0.0006502
0,3,168,111,114,640.0,0.0005903
0,3,168,111,114,644.0,0.0005336
0,3,168,111,114,648.0,0.0004706
0,3,168,111,114,652.0,0.0004195
0,3,168,111,114,656.0,0.000372
0,3,168,111,114,660.0,0.0003299
0,3,168,111,114,664.0,0.0002904
0,3,168,111,114,668.0,0.0002601
0,3,168,111,114,672.0,0.0002285
0,3,168,111,114,676.0,0.0002007
0,3,168,111,114,680.0,0.0001799
0,3,168,111,114,684.0,0.0001618
0,3,168,111,114,688.0,0.0001448
0,3,168,111,114,692.0,0.0001293
0,3,168,111,114,696.0,0.0001164
0,3,168,111,114,700.0,0.0001015
0,3,168,111,114,704.0,8.923e-05
0,3,168,111,114,708.0,8.273e-05
0,3,168,111,114,712.0,7.461e-05
0,3,168,111,114,716.0,6.526e-05
0,3,168,111,114,720.0,5.741e-05
0,3,168,111,114,724.0,4.727e-05
0,3,168,111,114,728.0,3.985e-05
0,3,168,111,114,732.0,3.914e-05
0,3,168,111,114,736.0,3.467e-05
0,3,168,111,114,740.0,3.106e-05
0,3,168,111,114,744.0,3.303e-05
0,3,168,111,114,748.0,3.032e-05
0,3,168,111,114,752.0,3.007e-05
0,3,168,111,114,756.0,3.256e-05
0,3,168,111,114,760.0,3.334e-05
0,3,168,111,114,764.0,2.762e-05
0,3,168,111,114,768.0,2.545e-05
0,3,168,111,114,772.0,2.813e-05
0,3,168,111,114,776.0,2.777e-05
0,3,168,111,114,780.0,2.196e-05
0,4,146,121,86,384.0,1.696e-06
0,4,146,121,86,388.0,2.171e-06
0,4,146,121,86,392.0,1.635e-06
0,4,146,121,86,396.0,1.693e-06
0,4,146,121,86,400.0,2.462e-06
0,4,146,121,86,404.0,3.537e-06
0,4,146,121,86,408.0,4.79e-06
0,4,146,121,86,412.0,8.192e-06
0,4,146,121,86,416.0,1.407e-05
0,4,146,121,86,420.0,2.993e-05
0,4,146,121,86,424.0,6.647e-05
0,4,146,121,86,428.0,0.0001385
0,4,146,121,86,432.0,0.0002779
0,4,146,121,86,436.0,0.0005485
0,4,146,121,86,440.0,0.0009825
0,4,146,121,86,444.0,0.001423
0,4,146,121,86,448.0,0.001544
0,4,146,121,86,452.0,0.001285
0,4,146,121,86,456.0,0.0009406
0,4,146,121,86,460.0,0.0007287
0,4,146,121,86,464.0,0.0005428
0,4,146,121,86,468.0,0.0003818
0,4,146,121,86,472.0,0.0002866
0,4,146,121,86,476.0,0.0002554
0,4,146,121,86,480.0,0.0002491
0,4,146,121,86,484.0,0.0002314
0,4,146,121,86,488.0,0.000221
0,4,146,121,86,492.0,0.0002289
0,4,146,121,86,496.0,0.0002543
0,4,146,121,86,500.0,0.0002945
0,4,146,121,86,504.0,0.0003496
0,4,146,121,86,508.0,0.0004165
0,4,146,121,86,512.0,0.0004839
0,4,146,121,86,516.0,0.0005577
0,4,146,121,86,520.0,0.0006375
0,4,146,121,86,524.0,0.0007118
0,4,146,121,86,528.0,0.0007878
0,4,146,121,86,532.0,0.0008642
0,4,146,121,86,536.0,0.000907
0,4,146,121,86,540.0,0.0009244
0,4,146,121,86,544.0,0.0009367
0,4,146,121,86,548.0,0.0009371
0,4,146,121,86,552.0,0.0009131
0,4,146,121,86,556.0,0.0008822
0,4,146,121,86,560.0,0.0008576
0,4,146,121,86,564.0,0.0008238
0,4,146,121,86,568.0,0.0007656
0,4,146,121,86,572.0,0.0006778
0,4,146,121,86,576.0,0.0006183
0,4,146,121,86,580.0,0.0006115
0,4,146,121,86,584.0,0.0006613
0,4,146,121,86,588.0,0.0007514
0,4,146,121,86,592.0,0.000863
0,4,146,121,86,596.0,0.0009443
0,4,146,121,86,600.0,0.0009884
0,4,146,121,86,604.0,0.0009826
0,4,146,121,86,608.0,0.0009363
0,4,146,121,86,612.0,0.0008601
0,4,146,121,86,616.0,0.0007779
0,4,146,121,86,620.0,0.0007054
0,4,146,121,86,624.0,0.0006492
0,4,146,121,86,628.0,0.0005867
0,4,146,121,86,632.0,0.0005326
0,4,146,121,86,636.0,0.0004849
0,4,146,121,86,640.0,0.0004406
0,4,146,121,86,644.0,0.0003984
0,4,146,121,86,648.0,0.0003523
0,4,146,121,86,652.0,0.000315
0,4,146,121,86,656.0,0.0002805
0,4,146,121,86,660.0,0.000249
0,4,146,121,86,664.0,0.0002211
0,4,146,121,86,668.0,0.0001971
0,4,146,121,86,672.0,0.0001742
0,4,146,121,86,676.0,0.0001538
0,4,146,121,86,680.0,0.0001383
0,4,146,121,86,684.0,0.0001233
0,4,146,121,86,688.0,0.0001105
0,4,146,121,86,692.0,9.973e-05
0,4,146,121,86,696.0,9.006e-05
0,4,146,121,86,700.0,7.872e-05
0,4,146,121,86,704.0,7.018e-05
0,4,146,121,86,708.0,6.548e-05
0,4,146,121,86,712.0,5.901e-05
0,4,146,121,86,716.0,5.395e-05
0,4,146,121,86,720.0,4.799e-05
0,4,146,121,86,724.0,4.187e-05
0,4,146,121,86,728.0,3.392e-05
0,4,146,121,86,732.0,2.805e-05
0,4,146,121,86,736.0,2.577e-05
0,4,146,121,86,740.0,2.25e-05
0,4,146,121,86,744.0,2.004e-05
0,4,146,121,86,748.0,1.871e-05
0,4,146,121,86,752.0,1.725e-05
0,4,146,121,86,756.0,1.644e-05
0,4,146,121,86,760.0,1.452e-05
0,4,146,121,86,764.0,1.55e-05
0,4,146,121,86,768.0,1.228e-05
0,4,146,121,86,772.0,1.157e-05
0,4,146,121,86,776.0,1.255e-05
0,4,146,121,86,780.0,1.075e-05
0,5,91,131,91,384.0,3.497e-07
0,5,91,131,91,388.0,7.827e-07
0,5,91,131,91,392.0,1.506e-06
0,5,91,131,91,396.0,2.113e-06
0,5,91,131,91,400.0,2.704e-06
0,5,91,131,91,404.0,2.856e-06
0,5,91,131,91,408.0,4.46e-06
0,5,91,131,91,412.0,7.063e-06
0,5,91,131,91,416.0,1.398e-05
0,5,91,131,91,420.0,3.036e-05
0,5,91,131,91,424.0,6.897e-05
0,5,91,131,91,428.0,0.0001478
0,5,91,131,91,432.0,0.0003005
0,5,91,131,91,436.0,0.0005987
0,5,91,131,91,440.0,0.001081
0,5,91,131,91,444.0,0.001575
0,5,91,131,91,448.0,0.001718
0,5,91,131,91,452.0,0.001436
0,5,91,131,91,456.0,0.001055
0,5,91,131,91,460.0,0.0008185
0,5,91,131,91,464.0,0.0006112
0,5,91,131,91,468.0,0.0004307
0,5,91,131,91,472.0,0.0003255
0,5,91,131,91,476.0,0.0002935
0,5,91,131,91,480.0,0.0002889
0,5,91,131,91,484.0,0.0002706
0,5,91,131,91,488.0,0.0002589
0,5,91,131,91,492.0,0.0002689
0,5,91,131,91,496.0,0.0002986
0,5,91,131,91,500.0,0.0003465
0,5,91,131,91,504.0,0.0004118
0,5,91,131,91,508.0,0.0004904
0,5,91,131,91,512.0,0.0005703
0,5,91,131,91,516.0,0.0006579
0,5,91,131,91,520.0,0.0007525
0,5,91,131,91,524.0,0.0008407
0,5,91,131,91,528.0,0.0009304
0,5,91,131,91,532.0,0.001022
0,5,91,131,91,536.0,0.001073
0,5,91,131,91,540.0,0.001093
0,5,91,131,91,544.0,0.001108
0,5,91,131,91,548.0,0.001109
0,5,91,131,91,552.0,0.00108
0,5,91,131,91,556.0,0.001043
0,5,91,131,91,560.0,0.001014
0,5,91,131,91,564.0,0.0009734
0,5,91,131,91,568.0,0.000904
0,5,91,131,91,572.0,0.0007942
0,5,91,131,91,576.0,0.0006974
0,5,91,131,91,580.0,0.0006205
0,5,91,131,91,584.0,0.0005635
0,5,91,131,91,588.0,0.0005299
0,5,91,131,91,592.0,0.0005126
0,5,91,131,91,596.0,0.0005059
0,5,91,131,91,600.0,0.0004909
0,5,91,131,91,604.0,0.0004598
0,5,91,131,91,608.0,0.0004141
0,5,91,131,91,612.0,0.0003586
0,5,91,131,91,616.0,0.0003093
0,5,91,131,91,620.0,0.0002701
0,5,91,131,91,624.0,0.0002421
0,5,91,131,91,628.0,0.0002162
0,5,91,131,91,632.0,0.0001954
0,5,91,131,91,636.0,0.0001774
0,5,91,131,91,640.0,0.0001614
0,5,91,131,91,644.0,0.0001469
0,5,91,131,91,648.0,0.0001301
0,5,91,131,91,652.0,0.0001169
0,5,91,131,91,656.0,0.0001042
0,5,91,131,91,660.0,9.301e-05
0,5,91,131,91,664.0,8.118e-05
0,5,91,131,91,668.0,7.274e-05
0,5,91,131,91,672.0,6.375e-05
0,5,91,131,91,676.0,5.533e-05
0,5,91,131,91,680.0,4.947e-05
0,5,91,131,91,684.0,4.352e-05
0,5,91,131,91,688.0,3.824e-05
0,5,91,131,91,692.0,3.472e-05
0,5,91,131,91,696.0,3.217e-05
0,5,91,131,91,700.0,2.877e-05
0,5,91,131,91,704.0,2.507e-05
0,5,91,131,91,708.0,2.34e-05
0,5,91,131,91,712.0,2.33e-05
0,5,91,131,91,716.0,2.081e-05
0,5,91,131,91,720.0,1.849e-05
0,5,91,131,91,724.0,1.441e-05
0,5,91,131,91,728.0,1.249e-05
0,5,91,131,91,732.0,9.212e-06
0,5,91,131,91,736.0,8.71e-06
0,5,91,131,91,740.0,6.776e-06
0,5,91,131,91,744.0,7.475e-06
0,5,91,131,91,748.0,7.673e-06
0,5,91,131,91,752.0,6.745e-06
0,5,91,131,91,756.0,6.253e-06
0,5,91,131,91,760.0,6.769e-06
0,5,91,131,91,764.0,4.251e-06
0,5,91,131,91,768.0,5.636e-06
0,5,91,131,91,772.0,1.216e-06
0,5,91,131,91,776.0,4.363e-06
0,5,91,131,91,780.0,5.368e-06
0,6,-1,-1,-1,-1.0,-1.0
0,7,80,128,146,384.0,5.248e-27
0,7,80,128,146,388.0,5.024e-27
0,7,80,128,146,392.0,6.385e-08
0,7,80,128,146,396.0,1.754e-07
0,7,80,128,146,400.0,1.625e-06
0,7,80,128,146,404.0,3.952e-06
0,7,80,128,146,408.0,6.515e-06
0,7,80,128,146,412.0,1.487e-05
0,7,80,128,146,416.0,3.122e-05
0,7,80,128,146,420.0,7.603e-05
0,7,80,128,146,424.0,0.000183
0,7,80,128,146,428.0,0.0003978
0,7,80,128,146,432.0,0.0008137
0,7,80,128,146,436.0,0.00163
0,7,80,128,146,440.0,0.002945
0,7,80,128,146,444.0,0.004291
0,7,80,128,146,448.0,0.004693
0,7,80,128,146,452.0,0.003943
0,7,80,128,146,456.0,0.002906
0,7,80,128,146,460.0,0.002255
0,7,80,128,146,464.0,0.001678
0,7,80,128,146,468.0,0.001163
0,7,80,128,146,472.0,0.0008214
0,7,80,128,146,476.0,0.0006402
0,7,80,128,146,480.0,0.0005338
0,7,80,128,146,484.0,0.0004339
0,7,80,128,146,488.0,0.0003829
0,7,80,128,146,492.0,0.0003768
0,7,80,128,146,496.0,0.0004018
0,7,80,128,146,500.0,0.0004479
0,7,80,128,146,504.0,0.0005129
0,7,80,128,146,508.0,0.0005864
0,7,80,128,146,512.0,0.000659
0,7,80,128,146,516.0,0.000736
0,7,80,128,146,520.0,0.0008168
0,7,80,128,146,524.0,0.0008874
0,7,80,128,146,528.0,0.0009564
0,7,80,128,146,532.0,0.001023
0,7,80,128,146,536.0,0.001056
0,7,80,128,146,540.0,0.001063
0,7,80,128,146,544.0,0.001069
0,7,80,128,146,548.0,0.001064
0,7,80,128,146,552.0,0.001032
0,7,80,128,146,556.0,0.000996
0,7,80,128,146,560.0,0.0009673
0,7,80,128,146,564.0,0.0009271
0,7,80,128,146,568.0,0.000859
0,7,80,128,146,572.0,0.0007525
0,7,80,128,146,576.0,0.0006585
0,7,80,128,146,580.0,0.0005798
0,7,80,128,146,584.0,0.0005154
0,7,80,128,146,588.0,0.0004709
0,7,80,128,146,592.0,0.0004421
0,7,80,128,146,596.0,0.0004256
0,7,80,128,146,600.0,0.0004047
0,7,80,128,146,604.0,0.0003733
0,7,80,128,146,608.0,0.0003317
0,7,80,128,146,612.0,0.0002789
0,7,80,128,146,616.0,0.0002374
0,7,80,128,146,620.0,0.0002045
0,7,80,128,146,624.0,0.0001801
0,7,80,128,146,628.0,0.0001582
0,7,80,128,146,632.0,0.0001418
0,7,80,128,146,636.0,0.0001281
0,7,80,128,146,640.0,0.0001166
0,7,80,128,146,644.0,0.0001069
0,7,80,128,146,648.0,9.222e-05
0,7,80,128,146,652.0,8.249e-05
0,7,80,128,146,656.0,7.33e-05
0,7,80,128,146,660.0,6.397e-05
0,7,80,128,146,664.0,5.646e-05
0,7,80,128,146,668.0,4.772e-05
0,7,80,128,146,672.0,4.112e-05
0,7,80,128,146,676.0,3.567e-05
0,7,80,128,146,680.0,3.035e-05
0,7,80,128,146,684.0,2.58e-05
0,7,80,128,146,688.0,2.259e-05
0,7,80,128,146,692.0,2.102e-05
0,7,80,128,146,696.0,1.758e-05
0,7,80,128,146,700.0,1.108e-05
0,7,80,128,146,704.0,1.01e-05
0,7,80,128,146,708.0,8.47e-06
0,7,80,128,146,712.0,8.597e-06
0,7,80,128,146,716.0,5.265e-06
0,7,80,128,146,720.0,5.944e-07
0,7,80,128,146,724.0,7.097e-07
0,7,80,128,146,728.0,9.97e-27
0,7,80,128,146,732.0,1.062e-26
0,7,80,128,146,736.0,1.145e-26
0,7,80,128,146,740.0,1.228e-26
0,7,80,128,146,744.0,1.323e-26
0,7,80,128,146,748.0,1.432e-26
0,7,80,128,146,752.0,1.561e-26
0,7,80,128,146,756.0,1.478e-06
0,7,80,128,146,760.0,3.618e-06
0,7,80,128,146,764.0,2.056e-26
0,7,80,128,146,768.0,2.258e-26
0,7,80,128,146,772.0,1.095e-06
0,7,80,128,146,776.0,6.639e-06
0,7,80,128,146,780.0,6.437e-06
0,8,148,115,143,384.0,5.054e-27
0,8,148,115,143,388.0,4.838e-27
0,8,148,115,143,392.0,4.542e-27
0,8,148,115,143,396.0,2.506e-07
0,8,148,115,143,400.0,2.564e-06
0,8,148,115,143,404.0,4.193e-06
0,8,148,115,143,408.0,6.621e-06
0,8,148,115,143,412.0,1.47e-05
0,8,148,115,143,416.0,3.258e-05
0,8,148,115,143,420.0,7.815e-05
0,8,148,115,143,424.0,0.0001804
0,8,148,115,143,428.0,0.0003887
0,8,148,115,143,432.0,0.0007927
0,8,148,115,143,436.0,0.001579
0,8,148,115,143,440.0,0.002841
0,8,148,115,143,444.0,0.004135
0,8,148,115,143,448.0,0.004524
0,8,148,115,143,452.0,0.0038
0,8,148,115,143,456.0,0.002799
0,8,148,115,143,460.0,0.002171
0,8,148,115,143,464.0,0.001616
0,8,148,115,143,468.0,0.00112
0,8,148,115,143,472.0,0.000785
0,8,148,115,143,476.0,0.0006021
0,8,148,115,143,480.0,0.0004905
0,8,148,115,143,484.0,0.0003895
0,8,148,115,143,488.0,0.0003395
0,8,148,115,143,492.0,0.0003299
0,8,148,115,143,496.0,0.0003478
0,8,148,115,143,500.0,0.0003842
0,8,148,115,143,504.0,0.0004368
0,8,148,115,143,508.0,0.0004961
0,8,148,115,143,512.0,0.0005498
0,8,148,115,143,516.0,0.0006078
0,8,148,115,143,520.0,0.00067
0,8,148,115,143,524.0,0.0007229
0,8,148,115,143,528.0,0.0007725
0,8,148,115,143,532.0,0.0008194
0,8,148,115,143,536.0,0.0008415
0,8,148,115,143,540.0,0.0008431
0,8,148,115,143,544.0,0.000844
0,8,148,115,143,548.0,0.0008383
0,8,148,115,143,552.0,0.0008139
0,8,148,115,143,556.0,0.0007845
0,8,148,115,143,560.0,0.0007601
0,8,148,115,143,564.0,0.0007287
0,8,148,115,143,568.0,0.0006775
0,8,148,115,143,572.0,0.0005998
0,8,148,115,143,576.0,0.00055
0,8,148,115,143,580.0,0.0005558
0,8,148,115,143,584.0,0.0006192
0,8,148,115,143,588.0,0.0007224
0,8,148,115,143,592.0,0.0008445
0,8,148,115,143,596.0,0.0009332
0,8,148,115,143,600.0,0.0009842
0,8,148,115,143,604.0,0.0009818
0,8,148,115,143,608.0,0.0009407
0,8,148,115,143,612.0,0.0008671
0,8,148,115,143,616.0,0.0007865
0,8,148,115,143,620.0,0.0007148
0,8,148,115,143,624.0,0.000658
0,8,148,115,143,628.0,0.0005947
0,8,148,115,143,632.0,0.0005406
0,8,148,115,143,636.0,0.0004915
0,8,148,115,143,640.0,0.0004456
0,8,148,115,143,644.0,0.0004043
0,8,148,115,143,648.0,0.000358
0,8,148,115,143,652.0,0.0003181
0,8,148,115,143,656.0,0.0002839
0,8,148,115,143,660.0,0.0002519
0,8,148,115,143,664.0,0.0002215
0,8,148,115,143,668.0,0.0001983
0,8,148,115,143,672.0,0.0001751
0,8,148,115,143,676.0,0.0001529
0,8,148,115,143,680.0,0.0001337
0,8,148,115,143,684.0,0.0001194
0,8,148,115,143,688.0,0.000107
0,8,148,115,143,692.0,9.371e-05
0,8,148,115,143,696.0,8.159e-05
0,8,148,115,143,700.0,7.275e-05
0,8,148,115,143,704.0,6.176e-05
0,8,148,115,143,708.0,5.637e-05
0,8,148,115,143,712.0,4.681e-05
0,8,148,115,143,716.0,3.963e-05
0,8,148,115,143,720.0,3.402e-05
0,8,148,115,143,724.0,3.013e-05
0,8,148,115,143,728.0,2.077e-05
0,8,148,115,143,732.0,1.122e-05
0,8,148,115,143,736.0,3.239e-06
0,8,148,115,143,740.0,4.057e-06
0,8,148,115,143,744.0,1.274e-26
0,8,148,115,143,748.0,1.379e-26
0,8,148,115,143,752.0,2.951e-06
0,8,148,115,143,756.0,1.646e-26
0,8,148,115,143,760.0,1.803e-26
0,8,148,115,143,764.0,1.98e-26
0,8,148,115,143,768.0,2.174e-26
0,8,148,115,143,772.0,2.42e-26
0,8,148,115,143,776.0,2.693e-26
0,8,148,115,143,780.0,2.99e-26
0,9,217,156,160,384.0,5.984e-06
0,9,217,156,160,388.0,5.729e-06
0,9,217,156,160,392.0,4.394e-06
0,9,217,156,160,396.0,5.784e-06
0,9,217,156,160,400.0,8.497e-06
0,9,217,156,160,404.0,9.427e-06
0,9,217,156,160,408.0,1.366e-05
0,9,217,156,160,412.0,2.121e-05
0,9,217,156,160,416.0,4.616e-05
0,9,217,156,160,420.0,0.0001014
0,9,217,156,160,424.0,0.0002334
0,9,217,156,160,428.0,0.0004999
0,9,217,156,160,432.0,0.001012
0,9,217,156,160,436.0,0.002007
0,9,217,156,160,440.0,0.003603
0,9,217,156,160,444.0,0.005238
0,9,217,156,160,448.0,0.005728
0,9,217,156,160,452.0,0.004811
0,9,217,156,160,456.0,0.00354
0,9,217,156,160,460.0,0.002744
0,9,217,156,160,464.0,0.002042
0,9,217,156,160,468.0,0.001417
0,9,217,156,160,472.0,0.001011
0,9,217,156,160,476.0,0.0008047
0,9,217,156,160,480.0,0.0006898
0,9,217,156,160,484.0,0.0005783
0,9,217,156,160,488.0,0.0005196
0,9,217,156,160,492.0,0.0005153
0,9,217,156,160,496.0,0.0005552
0,9,217,156,160,500.0,0.0006238
0,9,217,156,160,504.0,0.0007211
0,9,217,156,160,508.0,0.0008337
0,9,217,156,160,512.0,0.0009455
0,9,217,156,160,516.0,0.001063
0,9,217,156,160,520.0,0.001192
0,9,217,156,160,524.0,0.001307
0,9,217,156,160,528.0,0.00142
0,9,217,156,160,532.0,0.00153
0,9,217,156,160,536.0,0.00159
0,9,217,156,160,540.0,0.001604
0,9,217,156,160,544.0,0.001617
0,9,217,156,160,548.0,0.001609
0,9,217,156,160,552.0,0.001565
0,9,217,156,160,556.0,0.00151
0,9,217,156,160,560.0,0.001467
0,9,217,156,160,564.0,0.001408
0,9,217,156,160,568.0,0.001308
0,9,217,156,160,572.0,0.001163
0,9,217,156,160,576.0,0.001077
0,9,217,156,160,580.0,0.001114
0,9,217,156,160,584.0,0.001281
0,9,217,156,160,588.0,0.001534
0,9,217,156,160,592.0,0.001831
0,9,217,156,160,596.0,0.00204
0,9,217,156,160,600.0,0.002158
0,9,217,156,160,604.0,0.002165
0,9,217,156,160,608.0,0.002083
0,9,217,156,160,612.0,0.001929
0,9,217,156,160,616.0,0.001757
0,9,217,156,160,620.0,0.001601
0,9,217,156,160,624.0,0.001475
0,9,217,156,160,628.0,0.001333
0,9,217,156,160,632.0,0.001209
0,9,217,156,160,636.0,0.001103
0,9,217,156,160,640.0,0.001
0,9,217,156,160,644.0,0.0009051
0,9,217,156,160,648.0,0.0007962
0,9,217,156,160,652.0,0.0007128
0,9,217,156,160,656.0,0.0006352
0,9,217,156,160,660.0,0.0005664
0,9,217,156,160,664.0,0.0004947
0,9,217,156,160,668.0,0.0004428
0,9,217,156,160,672.0,0.0003886
0,9,217,156,160,676.0,0.0003424
0,9,217,156,160,680.0,0.0003088
0,9,217,156,160,684.0,0.0002748
0,9,217,156,160,688.0,0.0002488
0,9,217,156,160,692.0,0.0002236
0,9,217,156,160,696.0,0.0002005
0,9,217,156,160,700.0,0.0001752
0,9,217,156,160,704.0,0.0001579
0,9,217,156,160,708.0,0.0001416
0,9,217,156,160,712.0,0.0001287
0,9,217,156,160,716.0,0.0001093
0,9,217,156,160,720.0,9.806e-05
0,9,217,156,160,724.0,8.355e-05
0,9,217,156,160,728.0,7.384e-05
0,9,217,156,160,732.0,5.974e-05
0,9,217,156,160,736.0,4.892e-05
0,9,217,156,160,740.0,4.173e-05
0,9,217,156,160,744.0,3.649e-05
0,9,217,156,160,748.0,3.049e-05
0,9,217,156,160,752.0,2.694e-05
0,9,217,156,160,756.0,1.843e-05
0,9,217,156,160,760.0,1.876e-05
0,9,217,156,160,764.0,2.193e-05
0,9,217,156,160,768.0,1.226e-05
0,9,217,156,160,772.0,8.968e-06
0,9,217,156,160,776.0,3.405e-26
0,9,217,156,160,780.0,3.781e-26
0,10,193,165,132,384.0,4.326e-27
0,10,193,165,132,388.0,4.141e-27
0,10,193,165,132,392.0,7.255e-07
0,10,193,165,132,396.0,1.221e-06
0,10,193,165,132,400.0,1.529e-06
0,10,193,165,132,404.0,3.588e-06
0,10,193,165,132,408.0,6.265e-06
0,10,193,165,132,412.0,1.395e-05
0,10,193,165,132,416.0,3.024e-05
0,10,193,165,132,420.0,6.892e-05
0,10,193,165,132,424.0,0.0001599
0,10,193,165,132,428.0,0.0003397
0,10,193,165,132,432.0,0.0006843
0,10,193,165,132,436.0,0.001353
0,10,193,165,132,440.0,0.002426
0,10,193,165,132,444.0,0.003529
0,10,193,165,132,448.0,0.003859
0,10,193,165,132,452.0,0.003239
0,10,193,165,132,456.0,0.002379
0,10,193,165,132,460.0,0.001845
0,10,193,165,132,464.0,0.001376
0,10,193,165,132,468.0,0.0009653
0,10,193,165,132,472.0,0.0007103
0,10,193,165,132,476.0,0.0006069
0,10,193,165,132,480.0,0.0005651
0,10,193,165,132,484.0,0.0005083
0,10,193,165,132,488.0,0.000476
0,10,193,165,132,492.0,0.0004855
0,10,193,165,132,496.0,0.0005328
0,10,193,165,132,500.0,0.0006118
0,10,193,165,132,504.0,0.0007197
0,10,193,165,132,508.0,0.0008473
0,10,193,165,132,512.0,0.0009765
0,10,193,165,132,516.0,0.001117
0,10,193,165,132,520.0,0.001269
0,10,193,165,132,524.0,0.00141
0,10,193,165,132,528.0,0.001552
0,10,193,165,132,532.0,0.001695
0,10,193,165,132,536.0,0.001774
0,10,193,165,132,540.0,0.001802
0,10,193,165,132,544.0,0.001823
0,10,193,165,132,548.0,0.00182
0,10,193,165,132,552.0,0.001772
0,10,193,165,132,556.0,0.001711
0,10,193,165,132,560.0,0.001663
0,10,193,165,132,564.0,0.001597
0,10,193,165,132,568.0,0.001484
0,10,193,165,132,572.0,0.001314
0,10,193,165,132,576.0,0.001191
0,10,193,165,132,580.0,0.001165
0,10,193,165,132,584.0,0.001241
0,10,193,165,132,588.0,0.001391
0,10,193,165,132,592.0,0.00158
0,10,193,165,132,596.0,0.001717
0,10,193,165,132,600.0,0.00179
0,10,193,165,132,604.0,0.001774
0,10,193,165,132,608.0,0.001687
0,10,193,165,132,612.0,0.001547
0,10,193,165,132,616.0,0.001398
0,10,193,165,132,620.0,0.001266
0,10,193,165,132,624.0,0.001163
0,10,193,165,132,628.0,0.001051
0,10,193,165,132,632.0,0.0009547
0,10,193,165,132,636.0,0.0008704
0,10,193,165,132,640.0,0.0007889
0,10,193,165,132,644.0,0.0007145
0,10,193,165,132,648.0,0.0006334
0,10,193,165,132,652.0,0.0005659
0,10,193,165,132,656.0,0.0005036
0,10,193,165,132,660.0,0.0004466
0,10,193,165,132,664.0,0.0003952
0,10,193,165,132,668.0,0.0003544
0,10,193,165,132,672.0,0.000312
0,10,193,165,132,676.0,0.0002739
0,10,193,165,132,680.0,0.0002464
0,10,193,165,132,684.0,0.0002191
0,10,193,165,132,688.0,0.0001975
0,10,193,165,132,692.0,0.0001786
0,10,193,165,132,696.0,0.0001579
0,10,193,165,132,700.0,0.0001369
0,10,193,165,132,704.0,0.000122
0,10,193,165,132,708.0,0.000112
0,10,193,165,132,712.0,0.0001028
0,10,193,165,132,716.0,8.912e-05
0,10,193,165,132,720.0,7.991e-05
0,10,193,165,132,724.0,6.799e-05
0,10,193,165,132,728.0,5.57e-05
0,10,193,165,132,732.0,4.471e-05
0,10,193,165,132,736.0,3.397e-05
0,10,193,165,132,740.0,3.523e-05
0,10,193,165,132,744.0,2.924e-05
0,10,193,165,132,748.0,2.578e-05
0,10,193,165,132,752.0,2.323e-05
0,10,193,165,132,756.0,2.807e-05
0,10,193,165,132,760.0,2.318e-05
0,10,193,165,132,764.0,2.037e-05
0,10,193,165,132,768.0,1.362e-05
0,10,193,165,132,772.0,6.617e-06
0,10,193,165,132,776.0,2.411e-06
0,10,193,165,132,780.0,3.842e-06
0,11,138,177,137,384.0,4.616e-27
0,11,138,177,137,388.0,4.419e-27
0,11,138,177,137,392.0,4.148e-27
0,11,138,177,137,396.0,2.274e-07
0,11,138,177,137,400.0,1.237e-06
0,11,138,177,137,404.0,3.194e-06
0,11,138,177,137,408.0,7.192e-06
0,11,138,177,137,412.0,1.354e-05
0,11,138,177,137,416.0,3.062e-05
0,11,138,177,137,420.0,7.107e-05
0,11,138,177,137,424.0,0.0001667
0,11,138,177,137,428.0,0.0003555
0,11,138,177,137,432.0,0.0007225
0,11,138,177,137,436.0,0.001437
0,11,138,177,137,440.0,0.002588
0,11,138,177,137,444.0,0.003775
0,11,138,177,137,448.0,0.004142
0,11,138,177,137,452.0,0.003483
0,11,138,177,137,456.0,0.002563
0,11,138,177,137,460.0,0.001988
0,11,138,177,137,464.0,0.001484
0,11,138,177,137,468.0,0.001043
0,11,138,177,137,472.0,0.00077
0,11,138,177,137,476.0,0.0006654
0,11,138,177,137,480.0,0.0006283
0,11,138,177,137,484.0,0.0005695
0,11,138,177,137,488.0,0.0005356
0,11,138,177,137,492.0,0.0005496
0,11,138,177,137,496.0,0.0006056
0,11,138,177,137,500.0,0.0006964
0,11,138,177,137,504.0,0.0008215
0,11,138,177,137,508.0,0.0009702
0,11,138,177,137,512.0,0.001121
0,11,138,177,137,516.0,0.001284
0,11,138,177,137,520.0,0.001461
0,11,138,177,137,524.0,0.001626
0,11,138,177,137,528.0,0.001792
0,11,138,177,137,532.0,0.00196
0,11,138,177,137,536.0,0.002053
0,11,138,177,137,540.0,0.002087
0,11,138,177,137,544.0,0.002112
0,11,138,177,137,548.0,0.00211
0,11,138,177,137,552.0,0.002055
0,11,138,177,137,556.0,0.001984
0,11,138,177,137,560.0,0.001929
0,11,138,177,137,564.0,0.001853
0,11,138,177,137,568.0,0.00172
0,11,138,177,137,572.0,0.001511
0,11,138,177,137,576.0,0.001334
0,11,138,177,137,580.0,0.001204
0,11,138,177,137,584.0,0.001124
0,11,138,177,137,588.0,0.001095
0,11,138,177,137,592.0,0.001096
0,11,138,177,137,596.0,0.001107
0,11,138,177,137,600.0,0.001095
0,11,138,177,137,604.0,0.001042
0,11,138,177,137,608.0,0.0009525
0,11,138,177,137,612.0,0.0008394
0,11,138,177,137,616.0,0.0007347
0,11,138,177,137,620.0,0.0006478
0,11,138,177,137,624.0,0.0005863
0,11,138,177,137,628.0,0.0005241
0,11,138,177,137,632.0,0.0004746
0,11,138,177,137,636.0,0.00043
0,11,138,177,137,640.0,0.0003903
0,11,138,177,137,644.0,0.0003533
0,11,138,177,137,648.0,0.0003115
0,11,138,177,137,652.0,0.0002796
0,11,138,177,137,656.0,0.0002491
0,11,138,177,137,660.0,0.0002188
0,11,138,177,137,664.0,0.0001927
0,11,138,177,137,668.0,0.000171
0,11,138,177,137,672.0,0.0001485
0,11,138,177,137,676.0,0.0001284
0,11,138,177,137,680.0,0.0001128
0,11,138,177,137,684.0,9.977e-05
0,11,138,177,137,688.0,8.748e-05
0,11,138,177,137,692.0,7.784e-05
0,11,138,177,137,696.0,6.936e-05
0,11,138,177,137,700.0,5.629e-05
0,11,138,177,137,704.0,5.288e-05
0,11,138,177,137,708.0,4.733e-05
0,11,138,177,137,712.0,4.406e-05
0,11,138,177,137,716.0,3.995e-05
0,11,138,177,137,720.0,3.919e-05
0,11,138,177,137,724.0,2.947e-05
0,11,138,177,137,728.0,2.64e-05
0,11,138,177,137,732.0,2.358e-05
0,11,138,177,137,736.0,1.787e-05
0,11,138,177,137,740.0,1.896e-05
0,11,138,177,137,744.0,1.799e-05
0,11,138,177,137,748.0,2.064e-05
0,11,138,177,137,752.0,2.334e-05
0,11,138,177,137,756.0,3.551e-05
0,11,138,177,137,760.0,3.166e-05
0,11,138,177,137,764.0,2.852e-05
0,11,138,177,137,768.0,3.829e-05
0,11,138,177,137,772.0,3.294e-05
0,11,138,177,137,776.0,4.028e-05
0,11,138,177,137,780.0,4.086e-05
0,12,85,181,168,384.0,6.979e-27
0,12,85,181,168,388.0,6.681e-27
0,12,85,181,168,392.0,6.272e-27
0,12,85,181,168,396.0,5.906e-27
0,12,85,181,168,400.0,5.508e-27
0,12,85,181,168,404.0,1.602e-06
0,12,85,181,168,408.0,5.046e-06
0,12,85,181,168,412.0,1.729e-05
0,12,85,181,168,416.0,4.053e-05
0,12,85,181,168,420.0,9.897e-05
0,12,85,181,168,424.0,0.0002417
0,12,85,181,168,428.0,0.0005282
0,12,85,181,168,432.0,0.001083
0,12,85,181,168,436.0,0.002164
0,12,85,181,168,440.0,0.003908
0,12,85,181,168,444.0,0.005712
0,12,85,181,168,448.0,0.006279
0,12,85,181,168,452.0,0.005299
0,12,85,181,168,456.0,0.003907
0,12,85,181,168,460.0,0.00303
0,12,85,181,168,464.0,0.002259
0,12,85,181,168,468.0,0.001576
0,12,85,181,168,472.0,0.001136
0,12,85,181,168,476.0,0.0009286
0,12,85,181,168,480.0,0.0008236
0,12,85,181,168,484.0,0.0007118
0,12,85,181,168,488.0,0.0006479
0,12,85,181,168,492.0,0.0006528
0,12,85,181,168,496.0,0.0007099
0,12,85,181,168,500.0,0.0008044
0,12,85,181,168,504.0,0.0009383
0,12,85,181,168,508.0,0.001095
0,12,85,181,168,512.0,0.001251
0,12,85,181,168,516.0,0.001416
0,12,85,181,168,520.0,0.001597
0,12,85,181,168,524.0,0.001763
0,12,85,181,168,528.0,0.001927
0,12,85,181,168,532.0,0.002091
0,12,85,181,168,536.0,0.00218
0,12,85,181,168,540.0,0.002207
0,12,85,181,168,544.0,0.002227
0,12,85,181,168,548.0,0.002221
0,12,85,181,168,552.0,0.002162
0,12,85,181,168,556.0,0.002088
0,12,85,181,168,560.0,0.002029
0,12,85,181,168,564.0,0.001948
0,12,85,181,168,568.0,0.001808
0,12,85,181,168,572.0,0.001584
0,12,85,181,168,576.0,0.001376
0,12,85,181,168,580.0,0.001188
0,12,85,181,168,584.0,0.001016
0,12,85,181,168,588.0,0.0008801
0,12,85,181,168,592.0,0.0007709
0,12,85,181,168,596.0,0.0007038
0,12,85,181,168,600.0,0.0006404
0,12,85,181,168,604.0,0.0005652
0,12,85,181,168,608.0,0.0004781
0,12,85,181,168,612.0,0.0003854
0,12,85,181,168,616.0,0.0003097
0,12,85,181,168,620.0,0.0002523
0,12,85,181,168,624.0,0.0002154
0,12,85,181,168,628.0,0.0001854
0,12,85,181,168,632.0,0.0001653
0,12,85,181,168,636.0,0.000148
0,12,85,181,168,640.0,0.0001332
0,12,85,181,168,644.0,0.0001183
0,12,85,181,168,648.0,0.0001052
0,12,85,181,168,652.0,9.053e-05
0,12,85,181,168,656.0,8.086e-05
0,12,85,181,168,660.0,6.934e-05
0,12,85,181,168,664.0,6.119e-05
0,12,85,181,168,668.0,5.215e-05
0,12,85,181,168,672.0,4.192e-05
0,12,85,181,168,676.0,3.14e-05
0,12,85,181,168,680.0,2.817e-05
0,12,85,181,168,684.0,2.397e-05
0,12,85,181,168,688.0,1.912e-05
0,12,85,181,168,692.0,1.542e-05
0,12,85,181,168,696.0,8.607e-06
0,12,85,181,168,700.0,1.094e-06
0,12,85,181,168,704.0,1.15e-06
0,12,85,181,168,708.0,3.368e-06
0,12,85,181,168,712.0,9.708e-07
0,12,85,181,168,716.0,1.112e-26
0,12,85,181,168,720.0,1.159e-07
0,12,85,181,168,724.0,2.415e-07
0,12,85,181,168,728.0,1.326e-26
0,12,85,181,168,732.0,1.412e-26
0,12,85,181,168,736.0,1.523e-26
0,12,85,181,168,740.0,1.633e-26
0,12,85,181,168,744.0,1.759e-26
0,12,85,181,168,748.0,1.905e-26
0,12,85,181,168,752.0,2.316e-06
0,12,85,181,168,756.0,2.274e-26
0,12,85,181,168,760.0,2.49e-26
0,12,85,181,168,764.0,2.25e-06
0,12,85,181,168,768.0,2.049e-05
0,12,85,181,168,772.0,2.111e-05
0,12,85,181,168,776.0,2.104e-05
0,12,85,181,168,780.0,3.403e-05
0,13,130,174,194,384.0,9.357e-27
0,13,130,174,194,388.0,8.957e-27
0,13,130,174,194,392.0,8.409e-27
0,13,130,174,194,396.0,7.918e-27
0,13,130,174,194,400.0,7.385e-27
0,13,130,174,194,404.0,2.525e-06
0,13,130,174,194,408.0,1.033e-05
0,13,130,174,194,412.0,2.733e-05
0,13,130,174,194,416.0,5.806e-05
0,13,130,174,194,420.0,0.0001382
0,13,130,174,194,424.0,0.0003326
0,13,130,174,194,428.0,0.0007161
0,13,130,174,194,432.0,0.001464
0,13,130,174,194,436.0,0.00292
0,13,130,174,194,440.0,0.005261
0,13,130,174,194,444.0,0.007682
0,13,130,174,194,448.0,0.008454
0,13,130,174,194,452.0,0.007147
0,13,130,174,194,456.0,0.005274
0,13,130,174,194,460.0,0.004089
0,13,130,174,194,464.0,0.003049
0,13,130,174,194,468.0,0.002121
0,13,130,174,194,472.0,0.001504
0,13,130,174,194,476.0,0.001181
0,13,130,174,194,480.0,0.0009912
0,13,130,174,194,484.0,0.0008148
0,13,130,174,194,488.0,0.0007213
0,13,130,174,194,492.0,0.0007086
0,13,130,174,194,496.0,0.0007569
0,13,130,174,194,500.0,0.0008472
0,13,130,174,194,504.0,0.0009702
0,13,130,174,194,508.0,0.001112
0,13,130,174,194,512.0,0.001251
0,13,130,174,194,516.0,0.001397
0,13,130,174,194,520.0,0.001557
0,13,130,174,194,524.0,0.001696
0,13,130,174,194,528.0,0.001834
0,13,130,174,194,532.0,0.001965
0,13,130,174,194,536.0,0.002034
0,13,130,174,194,540.0,0.002047
0,13,130,174,194,544.0,0.002057
0,13,130,174,194,548.0,0.002048
0,13,130,174,194,552.0,0.001989
0,13,130,174,194,556.0,0.00192
0,13,130,174,194,560.0,0.001863
0,13,130,174,194,564.0,0.001787
0,13,130,174,194,568.0,0.001658
0,13,130,174,194,572.0,0.001455
0,13,130,174,194,576.0,0.00128
0,13,130,174,194,580.0,0.001149
0,13,130,174,194,584.0,0.001061
0,13,130,174,194,588.0,0.001019
0,13,130,174,194,592.0,0.001007
0,13,130,174,194,596.0,0.001007
0,13,130,174,194,600.0,0.0009878
0,13,130,174,194,604.0,0.0009322
0,13,130,174,194,608.0,0.0008484
0,13,130,174,194,612.0,0.0007424
0,13,130,174,194,616.0,0.0006441
0,13,130,174,194,620.0,0.0005669
0,13,130,174,194,624.0,0.0005111
0,13,130,174,194,628.0,0.0004547
0,13,130,174,194,632.0,0.000411
0,13,130,174,194,636.0,0.0003722
0,13,130,174,194,640.0,0.000339
0,13,130,174,194,644.0,0.0003042
0,13,130,174,194,648.0,0.0002675
0,13,130,174,194,652.0,0.0002379
0,13,130,174,194,656.0,0.0002099
0,13,130,174,194,660.0,0.0001864
0,13,130,174,194,664.0,0.0001569
0,13,130,174,194,668.0,0.0001415
0,13,130,174,194,672.0,0.0001222
0,13,130,174,194,676.0,0.000102
0,13,130,174,194,680.0,8.561e-05
0,13,130,174,194,684.0,7.69e-05
0,13,130,174,194,688.0,6.311e-05
0,13,130,174,194,692.0,5.553e-05
0,13,130,174,194,696.0,5.265e-05
0,13,130,174,194,700.0,3.82e-05
0,13,130,174,194,704.0,3.154e-05
0,13,130,174,194,708.0,2.914e-05
0,13,130,174,194,712.0,2.868e-05
0,13,130,174,194,716.0,2.416e-05
0,13,130,174,194,720.0,1.916e-05
0,13,130,174,194,724.0,2.008e-05
0,13,130,174,194,728.0,1.084e-05
0,13,130,174,194,732.0,5.008e-06
0,13,130,174,194,736.0,4.843e-07
0,13,130,174,194,740.0,1.805e-06
0,13,130,174,194,744.0,2.358e-26
0,13,130,174,194,748.0,4.229e-06
0,13,130,174,194,752.0,7.036e-06
0,13,130,174,194,756.0,1.381e-05
0,13,130,174,194,760.0,4.785e-06
0,13,130,174,194,764.0,1.219e-05
0,13,130,174,194,768.0,8.738e-06
0,13,130,174,194,772.0,2.731e-06
0,13,130,174,194,776.0,2.141e-05
0,13,130,174,194,780.0,1.855e-05
0,14,195,160,190,384.0,9.038e-27
0,14,195,160,190,388.0,8.652e-27
0,14,195,160,190,392.0,9.214e-08
0,14,195,160,190,396.0,5.76e-07
0,14,195,160,190,400.0,3.466e-06
0,14,195,160,190,404.0,6.26e-06
0,14,195,160,190,408.0,1.079e-05
0,14,195,160,190,412.0,2.471e-05
0,14,195,160,190,416.0,5.624e-05
0,14,195,160,190,420.0,0.0001349
0,14,195,160,190,424.0,0.000323
0,14,195,160,190,428.0,0.0006961
0,14,195,160,190,432.0,0.00142
0,14,195,160,190,436.0,0.002824
0,14,195,160,190,440.0,0.005075
0,14,195,160,190,444.0,0.007407
0,14,195,160,190,448.0,0.008147
0,14,195,160,190,452.0,0.006882
0,14,195,160,190,456.0,0.005075
0,14,195,160,190,460.0,0.003929
0,14,195,160,190,464.0,0.00293
0,14,195,160,190,468.0,0.002035
0,14,195,160,190,472.0,0.001433
0,14,195,160,190,476.0,0.001109
0,14,195,160,190,480.0,0.0009164
0,14,195,160,190,484.0,0.0007422
0,14,195,160,190,488.0,0.0006498
0,14,195,160,190,492.0,0.0006341
0,14,195,160,190,496.0,0.0006727
0,14,195,160,190,500.0,0.0007456
0,14,195,160,190,504.0,0.0008525
0,14,195,160,190,508.0,0.0009715
0,14,195,160,190,512.0,0.001086
0,14,195,160,190,516.0,0.001206
0,14,195,160,190,520.0,0.001333
0,14,195,160,190,524.0,0.001446
0,14,195,160,190,528.0,0.001553
0,14,195,160,190,532.0,0.001659
0,14,195,160,190,536.0,0.001709
0,14,195,160,190,540.0,0.001714
0,14,195,160,190,544.0,0.00172
0,14,195,160,190,548.0,0.00171
0,14,195,160,190,552.0,0.00166
0,14,195,160,190,556.0,0.001601
0,14,195,160,190,560.0,0.001553
0,14,195,160,190,564.0,0.001491
0,14,195,160,190,568.0,0.001385
0,14,195,160,190,572.0,0.001226
0,14,195,160,190,576.0,0.001116
0,14,195,160,190,580.0,0.001106
0,14,195,160,190,584.0,0.001198
0,14,195,160,190,588.0,0.001362
0,14,195,160,190,592.0,0.001565
0,14,195,160,190,596.0,0.001712
0,14,195,160,190,600.0,0.001791
0,14,195,160,190,604.0,0.001781
0,14,195,160,190,608.0,0.001699
0,14,195,160,190,612.0,0.001558
0,14,195,160,190,616.0,0.001411
0,14,195,160,190,620.0,0.001279
0,14,195,160,190,624.0,0.001175
0,14,195,160,190,628.0,0.001059
0,14,195,160,190,632.0,0.000961
0,14,195,160,190,636.0,0.0008738
0,14,195,160,190,640.0,0.0007925
0,14,195,160,190,644.0,0.0007136
0,14,195,160,190,648.0,0.0006296
0,14,195,160,190,652.0,0.0005602
0,14,195,160,190,656.0,0.0004944
0,14,195,160,190,660.0,0.0004407
0,14,195,160,190,664.0,0.0003815
0,14,195,160,190,668.0,0.0003406
0,14,195,160,190,672.0,0.0002979
0,14,195,160,190,676.0,0.0002592
0,14,195,160,190,680.0,0.0002299
0,14,195,160,190,684.0,0.0002025
0,14,195,160,190,688.0,0.0001768
0,14,195,160,190,692.0,0.0001598
0,14,195,160,190,696.0,0.0001434
0,14,195,160,190,700.0,0.0001206
0,14,195,160,190,704.0,0.0001098
0,14,195,160,190,708.0,0.0001018
0,14,195,160,190,712.0,9.008e-05
0,14,195,160,190,716.0,7.705e-05
0,14,195,160,190,720.0,5.812e-05
0,14,195,160,190,724.0,5.365e-05
0,14,195,160,190,728.0,4.315e-05
0,14,195,160,190,732.0,3.364e-05
0,14,195,160,190,736.0,3.184e-05
0,14,195,160,190,740.0,3.088e-05
0,14,195,160,190,744.0,3.037e-05
0,14,195,160,190,748.0,3.466e-05
0,14,195,160,190,752.0,2.726e-05
0,14,195,160,190,756.0,3.7e-05
0,14,195,160,190,760.0,2.776e-05
0,14,195,160,190,764.0,2.886e-05
0,14,195,160,190,768.0,4.539e-05
0,14,195,160,190,772.0,3.683e-05
0,14,195,160,190,776.0,3.288e-05
0,14,195,160,190,780.0,1.024e-05
0,15,253,189,196,384.0,4.826e-06
0,15,253,189,196,388.0,1.109e-05
0,15,253,189,196,392.0,1.007e-05
0,15,253,189,196,396.0,1.14e-05
0,15,253,189,196,400.0,1.085e-05
0,15,253,189,196,404.0,1.193e-05
0,15,253,189,196,408.0,2.014e-05
0,15,253,189,196,412.0,3.481e-05
0,15,253,189,196,416.0,7.004e-05
0,15,253,189,196,420.0,0.0001569
0,15,253,189,196,424.0,0.0003573
0,15,253,189,196,428.0,0.00076
0,15,253,189,196,432.0,0.001534
0,15,253,189,196,436.0,0.003032
0,15,253,189,196,440.0,0.005436
0,15,253,189,196,444.0,0.007921
0,15,253,189,196,448.0,0.00871
0,15,253,189,196,452.0,0.007356
0,15,253,189,196,456.0,0.005422
0,15,253,189,196,460.0,0.004197
0,15,253,189,196,464.0,0.003129
0,15,253,189,196,468.0,0.00218
0,15,253,189,196,472.0,0.001556
0,15,253,189,196,476.0,0.001239
0,15,253,189,196,480.0,0.001064
0,15,253,189,196,484.0,0.0008922
0,15,253,189,196,488.0,0.000799
0,15,253,189,196,492.0,0.0007937
0,15,253,189,196,496.0,0.0008534
0,15,253,189,196,500.0,0.0009606
0,15,253,189,196,504.0,0.001109
0,15,253,189,196,508.0,0.001282
0,15,253,189,196,512.0,0.00145
0,15,253,189,196,516.0,0.001631
0,15,253,189,196,520.0,0.001826
0,15,253,189,196,524.0,0.002004
0,15,253,189,196,528.0,0.002176
0,15,253,189,196,532.0,0.002346
0,15,253,189,196,536.0,0.002435
0,15,253,189,196,540.0,0.002459
0,15,253,189,196,544.0,0.002475
0,15,253,189,196,548.0,0.002465
0,15,253,189,196,552.0,0.002397
0,15,253,189,196,556.0,0.002314
0,15,253,189,196,560.0,0.002248
0,15,253,189,196,564.0,0.002159
0,15,253,189,196,568.0,0.002008
0,15,253,189,196,572.0,0.001778
0,15,253,189,196,576.0,0.001637
0,15,253,189,196,580.0,0.001665
0,15,253,189,196,584.0,0.001876
0,15,253,189,196,588.0,0.002216
0,15,253,189,196,592.0,0.002616
0,15,253,189,196,596.0,0.002897
0,15,253,189,196,600.0,0.003049
0,15,253,189,196,604.0,0.003049
0,15,253,189,196,608.0,0.002928
0,15,253,189,196,612.0,0.002709
0,15,253,189,196,616.0,0.002471
0,15,253,189,196,620.0,0.002251
0,15,253,189,196,624.0,0.002064
0,15,253,189,196,628.0,0.001869
0,15,253,189,196,632.0,0.001701
0,15,253,189,196,636.0,0.001548
0,15,253,189,196,640.0,0.001403
0,15,253,189,196,644.0,0.001268
0,15,253,189,196,648.0,0.00112
0,15,253,189,196,652.0,0.001002
0,15,253,189,196,656.0,0.0008949
0,15,253,189,196,660.0,0.0007981
0,15,253,189,196,664.0,0.0007015
0,15,253,189,196,668.0,0.0006269
0,15,253,189,196,672.0,0.0005553
0,15,253,189,196,676.0,0.0004949
0,15,253,189,196,680.0,0.0004377
0,15,253,189,196,684.0,0.0003895
0,15,253,189,196,688.0,0.0003495
0,15,253,189,196,692.0,0.0003188
0,15,253,189,196,696.0,0.0002867
0,15,253,189,196,700.0,0.0002497
0,15,253,189,196,704.0,0.0002236
0,15,253,189,196,708.0,0.0002038
0,15,253,189,196,712.0,0.0001922
0,15,253,189,196,716.0,0.0001678
0,15,253,189,196,720.0,0.00014
0,15,253,189,196,724.0,0.000119
0,15,253,189,196,728.0,0.0001004
0,15,253,189,196,732.0,8.749e-05
0,15,253,189,196,736.0,7.283e-05
0,15,253,189,196,740.0,5.578e-05
0,15,253,189,196,744.0,4.796e-05
0,15,253,189,196,748.0,3.934e-05
0,15,253,189,196,752.0,2.024e-05
0,15,253,189,196,756.0,2.287e-05
0,15,253,189,196,760.0,1.764e-05
0,15,253,189,196,764.0,3.395e-06
0,15,253,189,196,768.0,4.146e-26
0,15,253,189,196,772.0,4.615e-26
0,15,253,189,196,776.0,5.135e-26
0,15,253,189,196,780.0,5.701e-26
0,16,229,199,167,384.0,4.453e-07
0,16,229,199,167,388.0,1.872e-06
0,16,229,199,167,392.0,1.052e-06
0,16,229,199,167,396.0,2.126e-06
0,16,229,199,167,400.0,2.105e-06
0,16,229,199,167,404.0,3.877e-06
0,16,229,199,167,408.0,9.746e-06
0,16,229,199,167,412.0,2.442e-05
0,16,229,199,167,416.0,4.496e-05
0,16,229,199,167,420.0,0.0001105
0,16,229,199,167,424.0,0.0002569
0,16,229,199,167,428.0,0.0005471
0,16,229,199,167,432.0,0.001107
0,16,229,199,167,436.0,0.002188
0,16,229,199,167,440.0,0.003924
0,16,229,199,167,444.0,0.005718
0,16,229,199,167,448.0,0.006285
0,16,229,199,167,452.0,0.005299
0,16,229,199,167,456.0,0.003901
0,16,229,199,167,460.0,0.00302
0,16,229,199,167,464.0,0.002256
0,16,229,199,167,468.0,0.001584
0,16,229,199,167,472.0,0.001157
0,16,229,199,167,476.0,0.0009718
0,16,229,199,167,480.0,0.0008927
0,16,229,199,167,484.0,0.0007972
0,16,229,199,167,488.0,0.0007383
0,16,229,199,167,492.0,0.0007491
0,16,229,199,167,496.0,0.0008213
0,16,229,199,167,500.0,0.0009379
0,16,229,199,167,504.0,0.0011
0,16,229,199,167,508.0,0.001293
0,16,229,199,167,512.0,0.001483
0,16,229,199,167,516.0,0.001688
0,16,229,199,167,520.0,0.001915
0,16,229,199,167,524.0,0.002125
0,16,229,199,167,528.0,0.002333
0,16,229,199,167,532.0,0.002545
0,16,229,199,167,536.0,0.002659
0,16,229,199,167,540.0,0.002695
0,16,229,199,167,544.0,0.002723
0,16,229,199,167,548.0,0.002718
0,16,229,199,167,552.0,0.002647
0,16,229,199,167,556.0,0.002558
0,16,229,199,167,560.0,0.002486
0,16,229,199,167,564.0,0.002388
0,16,229,199,167,568.0,0.002217
0,16,229,199,167,572.0,0.001959
0,16,229,199,167,576.0,0.001773
0,16,229,199,167,580.0,0.001724
0,16,229,199,167,584.0,0.00182
0,16,229,199,167,588.0,0.002022
0,16,229,199,167,592.0,0.002285
0,16,229,199,167,596.0,0.002476
0,16,229,199,167,600.0,0.00257
0,16,229,199,167,604.0,0.002541
0,16,229,199,167,608.0,0.002413
0,16,229,199,167,612.0,0.002214
0,16,229,199,167,616.0,0.002002
0,16,229,199,167,620.0,0.00181
0,16,229,199,167,624.0,0.001658
0,16,229,199,167,628.0,0.001498
0,16,229,199,167,632.0,0.001365
0,16,229,199,167,636.0,0.001242
0,16,229,199,167,640.0,0.001126
0,16,229,199,167,644.0,0.001018
0,16,229,199,167,648.0,0.0009031
0,16,229,199,167,652.0,0.0008071
0,16,229,199,167,656.0,0.0007175
0,16,229,199,167,660.0,0.0006364
0,16,229,199,167,664.0,0.0005662
0,16,229,199,167,668.0,0.0005077
0,16,229,199,167,672.0,0.0004405
0,16,229,199,167,676.0,0.000388
0,16,229,199,167,680.0,0.0003496
0,16,229,199,167,684.0,0.0003148
0,16,229,199,167,688.0,0.0002749
0,16,229,199,167,692.0,0.000251
0,16,229,199,167,696.0,0.0002282
0,16,229,199,167,700.0,0.0002031
0,16,229,199,167,704.0,0.0001774
0,16,229,199,167,708.0,0.0001609
0,16,229,199,167,712.0,0.0001434
0,16,229,199,167,716.0,0.0001432
0,16,229,199,167,720.0,0.0001158
0,16,229,199,167,724.0,9.525e-05
0,16,229,199,167,728.0,8.171e-05
0,16,229,199,167,732.0,7.505e-05
0,16,229,199,167,736.0,5.418e-05
0,16,229,199,167,740.0,4.98e-05
0,16,229,199,167,744.0,4.138e-05
0,16,229,199,167,748.0,4.421e-05
0,16,229,199,167,752.0,4.041e-05
0,16,229,199,167,756.0,5.178e-05
0,16,229,199,167,760.0,3.281e-05
0,16,229,199,167,764.0,3.322e-05
0,16,229,199,167,768.0,1.658e-05
0,16,229,199,167,772.0,5.188e-06
0,16,229,199,167,776.0,1.203e-05
0,16,229,199,167,780.0,2.785e-05
0,17,172,211,171,384.0,3.542e-06
0,17,172,211,171,388.0,7.517e-06
0,17,172,211,171,392.0,5.875e-06
0,17,172,211,171,396.0,5.388e-06
0,17,172,211,171,400.0,6.511e-06
0,17,172,211,171,404.0,7.993e-06
0,17,172,211,171,408.0,1.028e-05
0,17,172,211,171,412.0,2.179e-05
0,17,172,211,171,416.0,4.656e-05
0,17,172,211,171,420.0,0.0001108
0,17,172,211,171,424.0,0.0002598
0,17,172,211,171,428.0,0.0005605
0,17,172,211,171,432.0,0.001138
0,17,172,211,171,436.0,0.002262
0,17,172,211,171,440.0,0.004068
0,17,172,211,171,444.0,0.005944
0,17,172,211,171,448.0,0.006546
0,17,172,211,171,452.0,0.00553
0,17,172,211,171,456.0,0.004074
0,17,172,211,171,460.0,0.003155
0,17,172,211,171,464.0,0.002356
0,17,172,211,171,468.0,0.001654
0,17,172,211,171,472.0,0.001215
0,17,172,211,171,476.0,0.001033
0,17,172,211,171,480.0,0.0009631
0,17,172,211,171,484.0,0.0008641
0,17,172,211,171,488.0,0.0008079
0,17,172,211,171,492.0,0.0008245
0,17,172,211,171,496.0,0.0009074
0,17,172,211,171,500.0,0.001041
0,17,172,211,171,504.0,0.001225
0,17,172,211,171,508.0,0.001444
0,17,172,211,171,512.0,0.001662
0,17,172,211,171,516.0,0.001896
0,17,172,211,171,520.0,0.002157
0,17,172,211,171,524.0,0.002397
0,17,172,211,171,528.0,0.002638
0,17,172,211,171,532.0,0.002882
0,17,172,211,171,536.0,0.003015
0,17,172,211,171,540.0,0.00306
0,17,172,211,171,544.0,0.003093
0,17,172,211,171,548.0,0.003088
0,17,172,211,171,552.0,0.003009
0,17,172,211,171,556.0,0.00291
0,17,172,211,171,560.0,0.002829
0,17,172,211,171,564.0,0.002716
0,17,172,211,171,568.0,0.002522
0,17,172,211,171,572.0,0.002219
0,17,172,211,171,576.0,0.00196
0,17,172,211,171,580.0,0.001778
0,17,172,211,171,584.0,0.001676
0,17,172,211,171,588.0,0.00165
0,17,172,211,171,592.0,0.001672
0,17,172,211,171,596.0,0.001698
0,17,172,211,171,600.0,0.001686
0,17,172,211,171,604.0,0.001611
0,17,172,211,171,608.0,0.00148
0,17,172,211,171,612.0,0.001308
0,17,172,211,171,616.0,0.001148
0,17,172,211,171,620.0,0.001014
0,17,172,211,171,624.0,0.0009169
0,17,172,211,171,628.0,0.0008228
0,17,172,211,171,632.0,0.0007434
0,17,172,211,171,636.0,0.000674
0,17,172,211,171,640.0,0.0006119
0,17,172,211,171,644.0,0.0005549
0,17,172,211,171,648.0,0.0004894
0,17,172,211,171,652.0,0.0004343
0,17,172,211,171,656.0,0.0003876
0,17,172,211,171,660.0,0.0003421
0,17,172,211,171,664.0,0.000302
0,17,172,211,171,668.0,0.0002649
0,17,172,211,171,672.0,0.0002293
0,17,172,211,171,676.0,0.000202
0,17,172,211,171,680.0,0.0001777
0,17,172,211,171,684.0,0.0001583
0,17,172,211,171,688.0,0.0001384
0,17,172,211,171,692.0,0.0001217
0,17,172,211,171,696.0,0.0001153
0,17,172,211,171,700.0,9.734e-05
0,17,172,211,171,704.0,8.876e-05
0,17,172,211,171,708.0,8.585e-05
0,17,172,211,171,712.0,7.886e-05
0,17,172,211,171,716.0,7.172e-05
0,17,172,211,171,720.0,6.186e-05
0,17,172,211,171,724.0,5.173e-05
0,17,172,211,171,728.0,4.247e-05
0,17,172,211,171,732.0,3.344e-05
0,17,172,211,171,736.0,3.152e-05
0,17,172,211,171,740.0,3.672e-05
0,17,172,211,171,744.0,3.128e-05
0,17,172,211,171,748.0,2.986e-05
0,17,172,211,171,752.0,3.331e-05
0,17,172,211,171,756.0,3.686e-05
0,17,172,211,171,760.0,3.569e-05
0,17,172,211,171,764.0,3.219e-05
0,17,172,211,171,768.0,2.676e-05
0,17,172,211,171,772.0,3.744e-05
0,17,172,211,171,776.0,5.201e-05
0,17,172,211,171,780.0,3.658e-05
0,18,124,215,203,384.0,1.8e-06
0,18,124,215,203,388.0,7.2e-06
0,18,124,215,203,392.0,3.016e-06
0,18,124,215,203,396.0,6.34e-06
0,18,124,215,203,400.0,1.064e-05
0,18,124,215,203,404.0,1.376e-05
0,18,124,215,203,408.0,1.933e-05
0,18,124,215,203,412.0,3.552e-05
0,18,124,215,203,416.0,7.056e-05
0,18,124,215,203,420.0,0.0001578
0,18,124,215,203,424.0,0.0003618
0,18,124,215,203,428.0,0.0007796
0,18,124,215,203,432.0,0.001586
0,18,124,215,203,436.0,0.003158
0,18,124,215,203,440.0,0.005688
0,18,124,215,203,444.0,0.008319
0,18,124,215,203,448.0,0.009178
0,18,124,215,203,452.0,0.007779
0,18,124,215,203,456.0,0.005745
0,18,124,215,203,460.0,0.004451
0,18,124,215,203,464.0,0.003319
0,18,124,215,203,468.0,0.00232
0,18,124,215,203,472.0,0.001674
0,18,124,215,203,476.0,0.001365
0,18,124,215,203,480.0,0.001209
0,18,124,215,203,484.0,0.001039
0,18,124,215,203,488.0,0.0009505
0,18,124,215,203,492.0,0.0009526
0,18,124,215,203,496.0,0.001035
0,18,124,215,203,500.0,0.001172
0,18,124,215,203,504.0,0.001366
0,18,124,215,203,508.0,0.001594
0,18,124,215,203,512.0,0.001816
0,18,124,215,203,516.0,0.002054
0,18,124,215,203,520.0,0.002316
0,18,124,215,203,524.0,0.002558
0,18,124,215,203,528.0,0.002796
0,18,124,215,203,532.0,0.003033
0,18,124,215,203,536.0,0.00316
0,18,124,215,203,540.0,0.003197
0,18,124,215,203,544.0,0.003225
0,18,124,215,203,548.0,0.003215
0,18,124,215,203,552.0,0.00313
0,18,124,215,203,556.0,0.003026
0,18,124,215,203,560.0,0.002941
0,18,124,215,203,564.0,0.002823
0,18,124,215,203,568.0,0.002618
0,18,124,215,203,572.0,0.002298
0,18,124,215,203,576.0,0.002006
0,18,124,215,203,580.0,0.001754
0,18,124,215,203,584.0,0.00154
0,18,124,215,203,588.0,0.001386
0,18,124,215,203,592.0,0.001275
0,18,124,215,203,596.0,0.001206
0,18,124,215,203,600.0,0.001133
0,18,124,215,203,604.0,0.001036
0,18,124,215,203,608.0,0.0009078
0,18,124,215,203,612.0,0.0007607
0,18,124,215,203,616.0,0.0006368
0,18,124,215,203,620.0,0.0005442
0,18,124,215,203,624.0,0.0004793
0,18,124,215,203,628.0,0.0004205
0,18,124,215,203,632.0,0.0003759
0,18,124,215,203,636.0,0.000344
0,18,124,215,203,640.0,0.0003097
0,18,124,215,203,644.0,0.0002783
0,18,124,215,203,648.0,0.0002393
0,18,124,215,203,652.0,0.0002171
0,18,124,215,203,656.0,0.0001963
0,18,124,215,203,660.0,0.0001678
0,18,124,215,203,664.0,0.0001416
0,18,124,215,203,668.0,0.0001246
0,18,124,215,203,672.0,0.00011
0,18,124,215,203,676.0,8.906e-05
0,18,124,215,203,680.0,7.876e-05
0,18,124,215,203,684.0,6.106e-05
0,18,124,215,203,688.0,5.517e-05
0,18,124,215,203,692.0,4.381e-05
0,18,124,215,203,696.0,3.559e-05
0,18,124,215,203,700.0,2.567e-05
0,18,124,215,203,704.0,2.978e-05
0,18,124,215,203,708.0,3.209e-05
0,18,124,215,203,712.0,2.618e-05
0,18,124,215,203,716.0,1.97e-05
0,18,124,215,203,720.0,2.929e-05
0,18,124,215,203,724.0,3.161e-05
0,18,124,215,203,728.0,2.572e-05
0,18,124,215,203,732.0,1.171e-05
0,18,124,215,203,736.0,1.068e-05
0,18,124,215,203,740.0,1.898e-05
0,18,124,215,203,744.0,1.401e-05
0,18,124,215,203,748.0,8.311e-06
0,18,124,215,203,752.0,1.06e-05
0,18,124,215,203,756.0,1.99e-05
0,18,124,215,203,760.0,2.533e-05
0,18,124,215,203,764.0,3.204e-05
0,18,124,215,203,768.0,2.153e-05
0,18,124,215,203,772.0,2.203e-05
0,18,124,215,203,776.0,3.716e-05
0,18,124,215,203,780.0,2.985e-05
0,19,165,207,230,384.0,2.259e-07
0,19,165,207,230,388.0,1.256e-26
0,19,165,207,230,392.0,1.179e-26
0,19,165,207,230,396.0,1.11e-26
0,19,165,207,230,400.0,1.035e-26
0,19,165,207,230,404.0,5.179e-06
0,19,165,207,230,408.0,1.764e-05
0,19,165,207,230,412.0,3.406e-05
0,19,165,207,230,416.0,8.11e-05
0,19,165,207,230,420.0,0.000196
0,19,165,207,230,424.0,0.0004629
0,19,165,207,230,428.0,0.001009
0,19,165,207,230,432.0,0.002061
0,19,165,207,230,436.0,0.004097
0,19,165,207,230,440.0,0.00737
0,19,165,207,230,444.0,0.01078
0,19,165,207,230,448.0,0.01192
0,19,165,207,230,452.0,0.01012
0,19,165,207,230,456.0,0.007479
0,19,165,207,230,460.0,0.005792
0,19,165,207,230,464.0,0.004323
0,19,165,207,230,468.0,0.003015
0,19,165,207,230,472.0,0.002141
0,19,165,207,230,476.0,0.001684
0,19,165,207,230,480.0,0.001421
0,19,165,207,230,484.0,0.001172
0,19,165,207,230,488.0,0.001045
0,19,165,207,230,492.0,0.001026
0,19,165,207,230,496.0,0.001093
0,19,165,207,230,500.0,0.001222
0,19,165,207,230,504.0,0.001406
0,19,165,207,230,508.0,0.001613
0,19,165,207,230,512.0,0.001811
0,19,165,207,230,516.0,0.002023
0,19,165,207,230,520.0,0.002253
0,19,165,207,230,524.0,0.00246
0,19,165,207,230,528.0,0.002659
0,19,165,207,230,532.0,0.002852
0,19,165,207,230,536.0,0.002953
0,19,165,207,230,540.0,0.002973
0,19,165,207,230,544.0,0.002986
0,19,165,207,230,548.0,0.00297
0,19,165,207,230,552.0,0.002889
0,19,165,207,230,556.0,0.002789
0,19,165,207,230,560.0,0.002707
0,19,165,207,230,564.0,0.002598
0,19,165,207,230,568.0,0.002411
0,19,165,207,230,572.0,0.002116
0,19,165,207,230,576.0,0.001864
0,19,165,207,230,580.0,0.001686
0,19,165,207,230,584.0,0.001582
0,19,165,207,230,588.0,0.001547
0,19,165,207,230,592.0,0.001555
0,19,165,207,230,596.0,0.001573
0,19,165,207,230,600.0,0.00156
0,19,165,207,230,604.0,0.001487
0,19,165,207,230,608.0,0.001364
0,19,165,207,230,612.0,0.0012
0,19,165,207,230,616.0,0.001052
0,19,165,207,230,620.0,0.0009259
0,19,165,207,230,624.0,0.0008404
0,19,165,207,230,628.0,0.0007452
0,19,165,207,230,632.0,0.0006766
0,19,165,207,230,636.0,0.000617
0,19,165,207,230,640.0,0.0005607
0,19,165,207,230,644.0,0.0005051
0,19,165,207,230,648.0,0.0004487
0,19,165,207,230,652.0,0.0004002
0,19,165,207,230,656.0,0.0003573
0,19,165,207,230,660.0,0.0003182
0,19,165,207,230,664.0,0.0002813
0,19,165,207,230,668.0,0.0002496
0,19,165,207,230,672.0,0.0002187
0,19,165,207,230,676.0,0.0001853
0,19,165,207,230,680.0,0.0001644
0,19,165,207,230,684.0,0.0001432
0,19,165,207,230,688.0,0.00013
0,19,165,207,230,692.0,0.0001074
0,19,165,207,230,696.0,9.486e-05
0,19,165,207,230,700.0,8.508e-05
0,19,165,207,230,704.0,7.863e-05
0,19,165,207,230,708.0,6.473e-05
0,19,165,207,230,712.0,5.698e-05
0,19,165,207,230,716.0,5.006e-05
0,19,165,207,230,720.0,4.711e-05
0,19,165,207,230,724.0,2.033e-05
0,19,165,207,230,728.0,2.614e-05
0,19,165,207,230,732.0,1.883e-05
0,19,165,207,230,736.0,5.172e-06
0,19,165,207,230,740.0,3.068e-26
0,19,165,207,230,744.0,3.306e-26
0,19,165,207,230,748.0,3.58e-26
0,19,165,207,230,752.0,3.901e-26
0,19,165,207,230,756.0,4.273e-26
0,19,165,207,230,760.0,4.68e-26
0,19,165,207,230,764.0,5.139e-26
0,19,165,207,230,768.0,5.642e-26
0,19,165,207,230,772.0,6.28e-26
0,19,165,207,230,776.0,6.988e-26
0,19,165,207,230,780.0,7.758e-26
0,20,229,193,226,384.0,1.268e-26
0,20,229,193,226,388.0,1.214e-26
0,20,229,193,226,392.0,1.14e-26
0,20,229,193,226,396.0,1.073e-26
0,20,229,193,226,400.0,1.001e-26
0,20,229,193,226,404.0,3.404e-06
0,20,229,193,226,408.0,1.282e-05
0,20,229,193,226,412.0,3.246e-05
0,20,229,193,226,416.0,7.608e-05
0,20,229,193,226,420.0,0.0001873
0,20,229,193,226,424.0,0.0004535
0,20,229,193,226,428.0,0.0009823
0,20,229,193,226,432.0,0.001999
0,20,229,193,226,436.0,0.003967
0,20,229,193,226,440.0,0.007125
0,20,229,193,226,444.0,0.01041
0,20,229,193,226,448.0,0.0115
0,20,229,193,226,452.0,0.009756
0,20,229,193,226,456.0,0.007203
0,20,229,193,226,460.0,0.005579
0,20,229,193,226,464.0,0.004162
0,20,229,193,226,468.0,0.002901
0,20,229,193,226,472.0,0.002051
0,20,229,193,226,476.0,0.001595
0,20,229,193,226,480.0,0.001331
0,20,229,193,226,484.0,0.001088
0,20,229,193,226,488.0,0.0009597
0,20,229,193,226,492.0,0.0009334
0,20,229,193,226,496.0,0.0009927
0,20,229,193,226,500.0,0.001104
0,20,229,193,226,504.0,0.001263
0,20,229,193,226,508.0,0.001441
0,20,229,193,226,512.0,0.001611
0,20,229,193,226,516.0,0.001788
0,20,229,193,226,520.0,0.001983
0,20,229,193,226,524.0,0.002158
0,20,229,193,226,528.0,0.002325
0,20,229,193,226,532.0,0.002485
0,20,229,193,226,536.0,0.002563
0,20,229,193,226,540.0,0.002575
0,20,229,193,226,544.0,0.002584
0,20,229,193,226,548.0,0.002569
0,20,229,193,226,552.0,0.002496
0,20,229,193,226,556.0,0.002409
0,20,229,193,226,560.0,0.002337
0,20,229,193,226,564.0,0.002243
0,20,229,193,226,568.0,0.002083
0,20,229,193,226,572.0,0.00184
0,20,229,193,226,576.0,0.001672
0,20,229,193,226,580.0,0.001638
0,20,229,193,226,584.0,0.001748
0,20,229,193,226,588.0,0.001965
0,20,229,193,226,592.0,0.002238
0,20,229,193,226,596.0,0.002432
0,20,229,193,226,600.0,0.002532
0,20,229,193,226,604.0,0.002514
0,20,229,193,226,608.0,0.002394
0,20,229,193,226,612.0,0.002193
0,20,229,193,226,616.0,0.001983
0,20,229,193,226,620.0,0.001793
0,20,229,193,226,624.0,0.001643
0,20,229,193,226,628.0,0.001487
0,20,229,193,226,632.0,0.001353
0,20,229,193,226,636.0,0.00123
0,20,229,193,226,640.0,0.001111
0,20,229,193,226,644.0,0.001008
0,20,229,193,226,648.0,0.0008894
0,20,229,193,226,652.0,0.000793
0,20,229,193,226,656.0,0.0007081
0,20,229,193,226,660.0,0.0006287
0,20,229,193,226,664.0,0.000547
0,20,229,193,226,668.0,0.0004863
0,20,229,193,226,672.0,0.0004266
0,20,229,193,226,676.0,0.0003763
0,20,229,193,226,680.0,0.0003316
0,20,229,193,226,684.0,0.0002941
0,20,229,193,226,688.0,0.0002652
0,20,229,193,226,692.0,0.0002316
0,20,229,193,226,696.0,0.0002112
0,20,229,193,226,700.0,0.000192
0,20,229,193,226,704.0,0.0001635
0,20,229,193,226,708.0,0.0001504
0,20,229,193,226,712.0,0.0001366
0,20,229,193,226,716.0,0.0001207
0,20,229,193,226,720.0,9.443e-05
0,20,229,193,226,724.0,7.948e-05
0,20,229,193,226,728.0,6.916e-05
0,20,229,193,226,732.0,5.514e-05
0,20,229,193,226,736.0,3.444e-05
0,20,229,193,226,740.0,3.827e-05
0,20,229,193,226,744.0,3.226e-05
0,20,229,193,226,748.0,2.36e-05
0,20,229,193,226,752.0,2.865e-05
0,20,229,193,226,756.0,6.963e-06
0,20,229,193,226,760.0,4.526e-26
0,20,229,193,226,764.0,4.969e-26
0,20,229,193,226,768.0,5.457e-26
0,20,229,193,226,772.0,6.073e-26
0,20,229,193,226,776.0,6.758e-26
0,20,229,193,226,780.0,7.503e-26
