id,n_rows,r_target_mean,g_target_mean,b_target_mean,r_pred_mean,g_pred_mean,b_pred_mean,mae_rgb_mean
0,3,0.0,0.0,0.0,13.328159749507904,14.613846093416214,13.488214761018753,13.777777777777777
1,3,255.0,255.0,255.0,252.57499039173126,255.0,252.48591303825378,1.6666666666666667
2,3,11.0,115.0,212.0,29.10132870078087,117.17722026631236,214.45156008005142,7.444444444444444
3,3,157.0,218.0,2.0,159.07872293144464,219.72912475466728,23.24010521173477,8.333333333333334
4,3,242.0,14.0,183.0,241.52780264616013,28.16456750035286,178.51777747273445,6.111111111111111
5,3,101.0,163.0,110.0,101.94507863372564,164.5816731452942,114.01999501511455,2.3333333333333335
6,3,92.0,34.0,56.0,87.68981613218784,26.634346544742584,45.49617722630501,7.222222222222221
7,3,202.0,139.0,237.0,200.48017844557762,142.40491427481174,239.03456389904022,2.222222222222222
8,3,164.0,93.0,84.0,164.14464212954044,90.71018919348717,81.68006241321564,1.3333333333333333
9,3,51.0,244.0,130.0,41.407885402441025,243.6351442337036,133.0591156333685,4.222222222222222
10,3,36.0,29.0,67.0,25.3488527238369,22.28901118040085,56.25166982412338,9.666666666666666
11,3,178.0,180.0,147.0,177.9667779058218,179.7779519855976,147.18503307551146,0.0
12,3,220.0,100.0,46.0,220.53131997585297,97.16143298894167,39.62306037545204,3.3333333333333335
13,3,75.0,202.0,248.0,57.51966178417206,199.28978085517883,247.49727725982666,6.888888888888888
14,3,115.0,76.0,174.0,116.02362275123596,67.46857926249504,172.05950088799,3.888888888888889
15,3,229.0,229.0,120.0,231.6255035996437,230.85583969950676,125.74122601887211,3.6666666666666665
16,3,139.0,50.0,194.0,144.21992108225822,43.153390139341354,193.45070004463196,4.222222222222222
17,3,29.0,155.0,21.0,28.312513828277588,156.45860899239779,20.69246605038643,0.5555555555555555
18,3,17.0,60.0,154.0,21.90584734082222,49.59652706980705,151.9536568596959,5.666666666666667
19,3,134.0,149.0,76.0,140.14407105743885,153.64229004830122,69.91949081420898,5.666666666666667
20,3,232.0,66.0,246.0,232.1742169559002,54.96869146823883,246.2415637075901,3.7777777777777772
21,3,126.0,235.0,32.0,127.01769829262048,236.21191069483757,30.1953786611557,1.2222222222222223
22,3,71.0,109.0,118.0,61.754808127880096,110.24612586945295,123.57445787638426,5.333333333333333
23,3,208.0,196.0,160.0,207.30273261666298,194.70024019479752,158.358336687088,1.3333333333333333
24,3,191.0,19.0,27.0,189.2129673063755,23.236753791570663,25.03212958574295,2.6666666666666665
25,3,41.0,186.0,203.0,40.37450551986694,183.99086698889732,204.69628781080246,1.5555555555555556
26,3,63.0,83.0,12.0,50.74664428830147,76.75054132938385,17.6921546459198,8.0
27,3,169.0,250.0,218.0,169.2415315657854,248.2172018289566,218.4437119960785,0.7777777777777777
28,3,198.0,44.0,96.0,195.3041772544384,36.79369166493416,96.8778409063816,3.6666666666666665
29,3,81.0,133.0,182.0,74.33644346892834,137.69750805571675,181.13669954240322,4.222222222222222
30,3,104.0,4.0,223.0,102.31159683316946,29.168151915073395,225.0270664691925,9.666666666666666
31,3,254.0,169.0,55.0,250.52448108792305,166.6593560576439,45.18556922674179,5.222222222222222
32,3,144.0,125.0,140.0,149.0801452845335,130.0852050539106,143.00420070067048,4.333333333333333
33,3,7.0,212.0,90.0,25.14826402068138,212.5691132247448,87.90586747229099,7.0
34,3,2.0,11.0,40.0,13.792208582162857,16.034187078475952,28.163311034440994,9.666666666666666
35,3,151.0,162.0,254.0,155.54102662950754,164.897251278162,251.52692049741745,3.3333333333333335
36,3,249.0,117.0,69.0,247.45928183197975,112.34902612864971,57.624173909425735,5.888888888888889
37,3,112.0,219.0,146.0,111.94911247119308,218.02009046077728,147.33503066003323,0.6666666666666666
38,3,86.0,90.0,196.0,79.92886938154697,84.6997021138668,196.63858711719513,4.111111111111111
39,3,192.0,243.0,19.0,188.907939940691,243.83318454027176,27.216731160879135,4.0
40,3,173.0,37.0,168.0,170.9147261828184,34.70990628004074,164.57126550376415,2.4444444444444446
41,3,56.0,141.0,126.0,48.86114999651909,145.31283553689718,130.72997416835278,5.333333333333333
42,3,46.0,101.0,189.0,39.80510354042053,98.67400832474232,188.5209471732378,2.888888888888889
43,3,183.0,204.0,105.0,181.43239967525005,201.9557811319828,106.16469141095877,1.5555555555555556
44,3,213.0,28.0,210.0,211.61163553595543,33.22866976261139,211.13515630364418,2.3333333333333335
45,3,64.0,178.0,4.0,55.412393659353256,176.46386355161667,19.239543080329895,8.555555555555555
46,3,121.0,52.0,82.0,124.02589273173362,42.18119204044342,78.52138184010983,5.444444444444444
47,3,239.0,157.0,132.0,239.89176243543625,161.18184611201286,136.1086394637823,3.0
48,3,129.0,74.0,62.0,132.88647807203233,65.03622591495514,52.899330109357834,7.333333333333333
49,3,24.0,226.0,232.0,25.893958806991577,226.64497151970863,234.78788644075394,2.0
50,3,26.0,68.0,102.0,22.786386758089066,57.0256806910038,104.01437222957611,5.333333333333333
51,3,140.0,236.0,176.0,143.72587475925684,235.38980454206467,172.7137941122055,2.6666666666666665
52,3,225.0,58.0,10.0,227.10913181304932,44.39201980829239,21.70398697257042,9.333333333333334
53,3,116.0,147.0,220.0,117.17430423945189,151.53399724513292,223.12897711992264,2.888888888888889
54,3,77.0,22.0,138.0,66.17243967950344,24.429271668195724,139.40512724220753,4.555555555555556
55,3,219.0,188.0,92.0,219.16611149907112,187.78763845562935,91.50741934776306,0.1111111111111111
56,3,181.0,107.0,229.0,180.79714342951775,102.18105040490627,230.91974720358849,2.3333333333333335
57,3,36.0,194.0,49.0,32.46492341160774,191.19952604174614,39.55567479133606,5.333333333333333
58,3,54.0,43.0,240.0,43.00907641649246,38.091534823179245,239.1596481204033,5.777777777777779
59,3,163.0,131.0,38.0,163.55773828923702,136.773199737072,32.082575261592865,4.333333333333333
60,3,205.0,84.0,156.0,200.61200603842735,77.96041667461395,155.2066008746624,3.6666666666666665
61,3,91.0,253.0,74.0,82.51888260245323,250.0728753209114,63.72990794479847,7.111111111111111
62,3,98.0,123.0,29.0,96.8273739144206,127.07457981538028,25.34551650285721,3.0
63,3,243.0,209.0,201.0,246.42323195934296,208.403472751379,202.31492012739182,1.6666666666666667
64,3,154.0,5.0,112.0,156.95218604058027,23.800608068704605,116.29204604774714,8.666666666666666
65,3,12.0,172.0,166.0,30.818697214126587,172.55409121513367,163.61058205366135,7.333333333333333
66,3,15.0,39.0,122.0,19.012016355991364,30.583905279636383,125.46147972578183,5.111111111111111
67,3,153.0,143.0,171.0,158.43183360993862,148.68744648993015,168.72697837650776,4.333333333333333
68,3,246.0,88.0,22.0,245.4503194987774,74.76038292050362,22.410629987716675,4.777777777777778
69,3,97.0,241.0,192.0,86.12305633723736,240.78883096575737,191.06385558843613,4.0
70,3,88.0,119.0,150.0,83.74749347567558,122.46329094283283,150.6996202841401,2.7777777777777772
71,3,206.0,221.0,64.0,203.18864777684212,221.7336767911911,56.784277111291885,3.7777777777777772
72,3,160.0,9.0,249.0,164.25241447985172,31.356429159641266,246.54131948947906,9.666666666666666
73,3,55.0,160.0,45.0,46.93164899945259,160.41280537843704,35.10233908891678,6.0
74,3,32.0,72.0,236.0,31.897005885839462,61.251365542411804,236.27704933285713,3.888888888888889
75,3,182.0,224.0,58.0,178.843849375844,224.33532878756523,49.586178958415985,3.888888888888889
76,3,216.0,54.0,128.0,214.59292262792587,45.129919946193695,132.51607283949852,4.888888888888889
77,3,79.0,159.0,87.0,73.56477327644825,160.41418090462685,85.27812100946903,2.7777777777777772
78,3,119.0,26.0,1.0,122.8033041395247,22.96086072921753,16.888996809720993,7.666666666666667
79,3,225.0,176.0,214.0,227.55077451467514,178.2853439450264,217.00921550393105,2.5555555555555554
80,3,143.0,103.0,108.0,147.51276928931475,103.38651355355978,112.67789088189602,3.111111111111111
81,3,25.0,206.0,186.0,32.0187209546566,203.87346729636192,184.9788887053728,3.3333333333333335
82,3,21.0,105.0,52.0,22.086900025606155,105.45618839561939,41.83408319950104,3.6666666666666665
83,3,130.0,192.0,226.0,132.2372779995203,189.53963831067085,228.42983201146126,2.3333333333333335
84,3,236.0,24.0,88.0,237.7211694419384,22.8597354888916,83.3114567399025,2.6666666666666665
85,3,122.0,190.0,142.0,126.69232927262783,187.824387550354,143.8512946292758,2.888888888888889
86,3,67.0,56.0,215.0,55.15627980232239,46.783489882946014,216.31178066134453,7.444444444444444
87,3,212.0,145.0,15.0,211.1909879744053,151.5145106241107,25.72071596980095,6.222222222222221
88,3,187.0,70.0,180.0,183.04274439811707,60.29570162296295,177.37050250172615,5.666666666666667
89,3,45.0,238.0,98.0,37.31530234217644,238.48005205392838,96.97338551282883,3.111111111111111
90,3,59.0,7.0,162.0,46.40065282583237,23.39871883392334,158.8646810501814,10.666666666666666
91,3,173.0,174.0,116.0,173.32266964018345,174.66732248663902,119.74813032895327,1.6666666666666667
92,3,194.0,121.0,206.0,191.76473051309586,121.89555184915662,207.39271938800812,1.3333333333333333
93,3,85.0,207.0,24.0,78.60186025500298,205.64376950263977,25.000193566083908,2.7777777777777772
94,3,108.0,86.0,78.0,108.5807765647769,81.71787038445473,73.27954791486263,3.2222222222222228
95,3,250.0,255.0,152.0,254.1511483490467,255.0,154.32973966002464,2.0
96,3,148.0,41.0,35.0,151.0550183802843,32.113394141197205,27.971988767385483,6.333333333333333
97,3,3.0,129.0,243.0,29.3330579996109,134.93632066994905,243.80495458841324,11.111111111111112
98,3,6.0,94.0,134.0,21.931756883859634,93.25920641422272,137.13643554598093,6.666666666666667
99,3,147.0,246.0,81.0,151.0054437071085,245.09259909391403,73.43778155744076,4.222222222222222
100,3,253.0,32.0,234.0,250.8020992577076,35.04493936896324,234.36093881726265,1.6666666666666667
101,3,108.0,137.0,60.0,109.87548235803843,141.87234941869974,51.06925964355469,5.333333333333333
102,3,82.0,16.0,106.0,73.7604197114706,21.57322332262993,109.15753874927759,5.666666666666667
103,3,196.0,165.0,188.0,194.71945956349373,168.11733275651932,186.44830152392387,1.888888888888889
104,3,169.0,113.0,7.0,168.17856900393963,116.67273970320821,21.203733682632446,6.333333333333333
105,3,60.0,216.0,207.0,48.680991530418396,213.94617706537247,208.85453388094902,5.111111111111111
106,3,42.0,48.0,16.0,29.231540113687515,35.19401550292969,16.547045558691025,9.0
107,3,187.0,153.0,198.0,186.51827223598957,157.69795175641775,198.05284336209297,1.777777777777778
108,3,210.0,78.0,125.0,207.5132641196251,69.67071816325188,130.39350618142635,5.222222222222222
109,3,68.0,231.0,169.0,55.66495090723038,230.94939827919006,166.71240501105785,4.777777777777778
110,3,125.0,98.0,251.0,124.37700449954718,91.25123962759972,249.34425935149193,3.111111111111111
111,3,235.0,199.0,42.0,235.26856064796448,197.49919533729553,38.8909587264061,1.4444444444444444
112,3,133.0,31.0,144.0,136.62294819951057,30.18273040652275,144.60824124515057,2.0
113,3,20.0,182.0,70.0,27.041532695293427,179.73160207271576,60.32032936811447,6.222222222222221
114,3,30.0,17.0,200.0,28.451533168554306,26.458846628665924,199.57720503211021,3.7777777777777772
115,3,136.0,184.0,30.0,141.24996814876795,182.55644395947456,26.879663914442062,3.0
116,3,229.0,111.0,164.0,228.19392293691635,110.1959166303277,162.20653966069221,1.3333333333333333
117,3,112.0,198.0,114.0,114.23475062474608,195.45778021216393,117.73996848613024,3.0
118,3,73.0,64.0,37.0,61.53557002544403,51.64511114358902,27.881685346364975,10.777777777777777
119,3,223.0,233.0,241.0,223.73551324009895,233.1314691901207,242.2378908097744,0.6666666666666666
120,3,177.0,62.0,72.0,174.6148992329836,51.28387212753296,64.52448964118958,6.777777777777779
121,3,40.0,150.0,158.0,37.73654520511627,153.97855553776026,156.47811461240053,2.4444444444444446
122,3,50.0,127.0,94.0,42.566514164209366,130.67298918031156,94.3371731042862,3.7777777777777772
123,3,167.0,214.0,136.0,169.35236021876335,212.0281818509102,138.46335094422102,2.111111111111111
124,3,201.0,2.0,50.0,201.78656607866287,22.31396570801735,42.03012228012085,9.777777777777777
125,3,95.0,168.0,228.0,88.52330140769482,169.6277390420437,230.7123999297619,3.7777777777777772
126,3,102.0,46.0,178.0,99.00745183229446,39.09514710307121,175.6803810596466,4.0
127,3,239.0,135.0,100.0,239.84314531087875,138.12141615897417,100.16678608953953,1.3333333333333333
128,3,158.0,81.0,221.0,162.54495710134506,71.22235983610153,222.735515832901,5.555555555555556
129,3,8.0,248.0,9.0,21.872059553861618,248.03235441446304,21.78802579641342,8.888888888888888
130,3,10.0,27.0,180.0,22.62406200170517,27.24421888589859,177.1512808650732,5.333333333333333
131,3,159.0,179.0,100.0,162.58604429662228,178.38247686624527,100.37968296557665,1.777777777777778
132,3,241.0,100.0,217.0,241.4607109129429,92.64437153935432,219.46335434913635,3.111111111111111
133,3,104.0,205.0,15.0,102.55193710327148,203.76648783683777,22.867882251739502,3.5555555555555554
134,3,94.0,75.0,89.0,90.61889909207821,66.10970884561539,88.66626620292664,4.0
135,3,200.0,225.0,143.0,199.0744261443615,224.68421339988708,144.89409800618887,1.0
136,3,165.0,53.0,53.0,164.62354689836502,42.83531680703163,43.703848868608475,6.333333333333333
137,3,48.0,156.0,227.0,42.99651429057121,159.62053015828133,229.55179274082184,3.888888888888889
138,3,38.0,116.0,35.0,30.51885023713112,118.22013637050986,27.189734876155853,5.888888888888889
139,3,175.0,220.0,245.0,174.15908202528954,217.09991917014122,244.06924560666084,1.6666666666666667
140,3,221.0,10.0,79.0,223.01717698574066,22.61692851781845,73.09728309512138,7.0
141,3,72.0,163.0,153.0,65.11656880378723,164.5088893175125,152.48503237962723,3.2222222222222228
142,3,113.0,38.0,207.0,113.33693353459239,35.264853835105896,208.05643990635872,1.4444444444444444
143,3,231.0,140.0,26.0,232.26809725165367,144.48935195803642,28.450927734375,2.555555555555556
144,3,137.0,91.0,163.0,141.41601702198386,87.51345112919807,161.2724408507347,3.2222222222222228
145,3,32.0,242.0,117.0,30.9119214117527,242.21869677305222,119.70451911911368,1.222222222222222
146,3,18.0,85.0,251.0,27.870959788560867,77.26683482527733,248.33891436457634,6.888888888888889
147,3,132.0,252.0,45.0,133.7518529780209,249.66122820973396,36.82646870613098,3.888888888888889
148,3,233.0,44.0,151.0,232.27977022528648,36.69748842716217,149.6148405596614,3.111111111111111
149,3,124.0,130.0,65.0,128.7074453360401,135.1660930737853,56.65432661771774,6.0
150,3,255.0,0.0,0.0,253.91955330967903,10.462386459112167,14.129678606987,8.444444444444445
151,3,0.0,255.0,255.0,14.502403140068054,255.0,251.89259514212608,5.777777777777779
152,3,255.0,255.0,255.0,252.74255633354187,255.0,252.5310368835926,1.4444444444444444
153,3,100.0,0.0,0.0,102.40079894661903,17.90806919336319,16.21269389986992,12.0
154,3,0.0,100.0,0.0,18.61994832754135,105.21005533635616,16.3736329972744,13.333333333333334
155,3,0.0,0.0,100.0,16.285913437604904,18.000738620758057,103.0584454908967,12.333333333333334
156,3,168.0,162.0,189.0,171.53516322374344,165.0812830030918,187.48160921037197,2.7777777777777772
157,3,173.0,175.0,211.0,176.28033466637135,175.10422304272652,211.95146396756172,1.3333333333333333
