rep,id,r,g,b,X,Y,Z,source_file,valid_rgb,valid_xyz
0,0,0,0,0,2.7280200340187205e-05,1.1315507715762993e-05,2.89779104648542e-05,color_battery_amoled_B.csv,True,True
0,1,255,255,255,0.3459295617563859,0.3772726971138307,0.3786307583642055,color_battery_amoled_B.csv,True,True
0,2,11,115,212,0.0662464723324932,0.06388181808301753,0.30786615383091126,color_battery_amoled_B.csv,True,True
0,3,157,218,2,0.16037289945633756,0.26608432359270406,0.012997558204131135,color_battery_amoled_B.csv,True,True
0,4,242,14,183,0.2546098659207443,0.12515057203300375,0.20584410279207485,color_battery_amoled_B.csv,True,True
0,5,101,163,110,0.07642497435783614,0.126496817638447,0.06988550687327226,color_battery_amoled_B.csv,True,True
0,6,92,34,56,0.027216101933493,0.015635818397189236,0.01566880574343141,color_battery_amoled_B.csv,True,True
0,7,202,139,237,0.2046454187509364,0.14347254592228728,0.36971953999285967,color_battery_amoled_B.csv,True,True
0,8,164,93,84,0.1056262335477549,0.07430873239459104,0.03716937645604648,color_battery_amoled_B.csv,True,True
0,9,51,244,130,0.1279527815001227,0.30522619841235504,0.1043887818241479,color_battery_amoled_B.csv,True,True
0,10,36,29,67,0.0073541558670104715,0.005066285808375863,0.023009721831006563,color_battery_amoled_B.csv,True,True
0,11,178,180,147,0.16662110558918344,0.18626522672844623,0.12928070884203804,color_battery_amoled_B.csv,True,True
0,12,220,100,46,0.1996795120267765,0.12384677789728689,0.010210268591713909,color_battery_amoled_B.csv,True,True
0,13,75,202,248,0.1326634879721661,0.19008703782695746,0.40946216753015435,color_battery_amoled_B.csv,True,True
0,14,115,76,174,0.07104245594617835,0.04593486154295054,0.1939030052938746,color_battery_amoled_B.csv,True,True
0,15,229,229,120,0.2815532541334131,0.3298320115127274,0.08177520291502038,color_battery_amoled_B.csv,True,True
0,16,139,50,194,0.09572604930457007,0.04980011964796941,0.24827445878783588,color_battery_amoled_B.csv,True,True
0,17,29,155,21,0.04078222322934223,0.10573147033520416,0.007514856057950703,color_battery_amoled_B.csv,True,True
0,18,17,60,154,0.0288352839299855,0.021038748968063486,0.1495247511553907,color_battery_amoled_B.csv,True,True
0,19,134,149,76,0.08993839737032838,0.11616606462234151,0.03264087725738406,color_battery_amoled_B.csv,True,True
0,20,232,66,246,0.2454271323649721,0.12453783138691014,0.3913692510048173,color_battery_amoled_B.csv,True,True
0,21,126,235,32,0.14275480351712003,0.2952739653304801,0.019415575084290718,color_battery_amoled_B.csv,True,True
0,22,71,109,118,0.039786114340079316,0.05232612579405839,0.08013895129549611,color_battery_amoled_B.csv,True,True
0,23,208,196,160,0.2241381372983875,0.23498857949731225,0.1537795144209624,color_battery_amoled_B.csv,True,True
0,24,191,19,27,0.13630187471411773,0.06804378408113838,0.0026739122714864124,color_battery_amoled_B.csv,True,True
0,25,41,186,203,0.09867267706620773,0.15959703877648082,0.27766299119082793,color_battery_amoled_B.csv,True,True
0,26,63,83,12,0.018816229979069458,0.028595292086151074,0.0018926579013409611,color_battery_amoled_B.csv,True,True
0,27,169,250,218,0.22171174699820365,0.3302359742300035,0.3079393896150741,color_battery_amoled_B.csv,True,True
0,28,198,44,96,0.15252948313408674,0.07887258207434894,0.047223613853157015,color_battery_amoled_B.csv,True,True
0,29,81,133,182,0.07136602671312584,0.08277938310127894,0.21549683738703176,color_battery_amoled_B.csv,True,True
0,30,104,4,223,0.08145274826590232,0.037575985904913484,0.3449622151693459,color_battery_amoled_B.csv,True,True
0,31,254,169,55,0.29750164160141435,0.235306485625453,0.01800141727679229,color_battery_amoled_B.csv,True,True
0,32,144,125,140,0.09948901927547288,0.0914073903600043,0.1161755517743001,color_battery_amoled_B.csv,True,True
0,33,7,212,90,0.08758222872892708,0.2226993846092892,0.05205629325210938,color_battery_amoled_B.csv,True,True
0,34,2,11,40,0.001384835706677554,0.0008929154948341375,0.007583578485914553,color_battery_amoled_B.csv,True,True
0,35,151,162,254,0.15639897148157447,0.14255762110101444,0.42445079397953445,color_battery_amoled_B.csv,True,True
0,36,249,117,69,0.26859747741933576,0.16748184900942825,0.02219540863108821,color_battery_amoled_B.csv,True,True
0,37,112,219,146,0.1294305993558299,0.24212943310234353,0.13122130327067444,color_battery_amoled_B.csv,True,True
0,38,86,90,196,0.0666718168862391,0.04924920569432085,0.25651359688160474,color_battery_amoled_B.csv,True,True
0,39,192,243,19,0.2256996255317166,0.34804865513488886,0.017376427652970608,color_battery_amoled_B.csv,True,True
0,40,173,37,168,0.12618626763004503,0.06325959855114753,0.17549847376548589,color_battery_amoled_B.csv,True,True
0,41,56,141,126,0.049977493334454504,0.0866351392398154,0.09367623556913855,color_battery_amoled_B.csv,True,True
0,42,46,101,189,0.05401407216659097,0.04977855574231567,0.2367791354590437,color_battery_amoled_B.csv,True,True
0,43,183,204,105,0.18320072354306846,0.23816463931019383,0.06361428174938379,color_battery_amoled_B.csv,True,True
0,44,213,28,210,0.20167174672424856,0.09856389364794002,0.2885141681768041,color_battery_amoled_B.csv,True,True
0,45,64,178,4,0.06245254811233021,0.14869385942175267,0.008229849185267035,color_battery_amoled_B.csv,True,True
0,46,121,52,82,0.051528286024270877,0.031275957336515885,0.035504860016071435,color_battery_amoled_B.csv,True,True
0,47,239,157,132,0.2623976741449034,0.20048754672927666,0.09560257197086423,color_battery_amoled_B.csv,True,True
0,48,129,74,62,0.05956198718731325,0.04278288520390085,0.01943551839803901,color_battery_amoled_B.csv,True,True
0,49,24,226,232,0.13966360245239517,0.24599261089565774,0.36132006684425805,color_battery_amoled_B.csv,True,True
0,50,26,68,102,0.016103756089149535,0.01899470443050188,0.058242264814887874,color_battery_amoled_B.csv,True,True
0,51,140,236,176,0.17170183930618046,0.29088610660844233,0.19584259548059066,color_battery_amoled_B.csv,True,True
0,52,225,58,10,0.20506537356999327,0.10849491409684746,0.0006220115783736253,color_battery_amoled_B.csv,True,True
0,53,116,147,220,0.10988021997869744,0.10963327951023832,0.3279424545390846,color_battery_amoled_B.csv,True,True
0,54,77,22,138,0.033480361060669483,0.016327938016246338,0.11452318437318573,color_battery_amoled_B.csv,True,True
0,55,219,188,92,0.23301918765661905,0.23272819991740468,0.0473365177077905,color_battery_amoled_B.csv,True,True
0,56,181,107,229,0.16360961011593553,0.10158452125181362,0.3508432355184935,color_battery_amoled_B.csv,True,True
0,57,36,194,49,0.06891105639796626,0.17795646958920322,0.02042870060842577,color_battery_amoled_B.csv,True,True
0,58,54,43,240,0.07164577693642352,0.03471577101526175,0.40061930993116585,color_battery_amoled_B.csv,True,True
0,59,163,131,38,0.11270194045859355,0.10730042338314917,0.009323367319490935,color_battery_amoled_B.csv,True,True
0,60,205,84,156,0.1775942310877429,0.10205026373997775,0.14478288490799113,color_battery_amoled_B.csv,True,True
0,61,91,253,74,0.1423577705322858,0.33901198330089455,0.041584296136382905,color_battery_amoled_B.csv,True,True
0,62,98,123,29,0.04772487872925981,0.0699942096424165,0.006446125592869569,color_battery_amoled_B.csv,True,True
0,63,243,209,201,0.3010126189394728,0.2837270150521593,0.2518381969111438,color_battery_amoled_B.csv,True,True
0,64,154,5,112,0.08992164500906025,0.044199587163428075,0.06894292118419232,color_battery_amoled_B.csv,True,True
0,65,12,172,166,0.07413801848868279,0.13547908193579233,0.17664135938511785,color_battery_amoled_B.csv,True,True
0,66,15,39,122,0.01615295626449922,0.010428166737682067,0.08660600736734522,color_battery_amoled_B.csv,True,True
0,67,153,143,171,0.12395710574312654,0.11786823787753486,0.18322355698448942,color_battery_amoled_B.csv,True,True
0,68,246,88,22,0.25630411907753636,0.1450957028637495,0.0025736701301935032,color_battery_amoled_B.csv,True,True
0,69,97,241,192,0.15327528109245694,0.2918056722513433,0.23943269367429604,color_battery_amoled_B.csv,True,True
0,70,88,119,150,0.05875512424157364,0.06687036264566577,0.13878184392571405,color_battery_amoled_B.csv,True,True
0,71,206,221,64,0.2300706348300402,0.29565783732740963,0.029133546783649565,color_battery_amoled_B.csv,True,True
0,72,160,9,249,0.13844917566253886,0.06521282257476578,0.41936608208041304,color_battery_amoled_B.csv,True,True
0,73,55,160,45,0.049028051359187266,0.11435851948931956,0.015153699587682657,color_battery_amoled_B.csv,True,True
0,74,32,72,236,0.06943535185048008,0.04065846950978841,0.38701610336267656,color_battery_amoled_B.csv,True,True
0,75,182,224,58,0.19452226383258345,0.28820465075466367,0.02714830106855868,color_battery_amoled_B.csv,True,True
0,76,216,54,128,0.19114745400445204,0.0996036060451823,0.08920239156760802,color_battery_amoled_B.csv,True,True
0,77,79,159,87,0.060251417545810634,0.11557066792223883,0.04493750920371363,color_battery_amoled_B.csv,True,True
0,78,119,26,1,0.04422702810660148,0.02306552983734971,9.260596647789075e-05,color_battery_amoled_B.csv,True,True
0,79,225,176,214,0.2532034363878522,0.20945324089825454,0.2941123104762172,color_battery_amoled_B.csv,True,True
0,80,143,103,108,0.08569513916053256,0.069973457672639,0.06424562713980643,color_battery_amoled_B.csv,True,True
0,81,25,206,186,0.10528566704727164,0.20159752767791364,0.2270744682965617,color_battery_amoled_B.csv,True,True
0,82,21,105,52,0.01836635658505662,0.04221658816084833,0.015596172379485981,color_battery_amoled_B.csv,True,True
0,83,130,192,226,0.14491262378148517,0.18253288184816543,0.34217799683165356,color_battery_amoled_B.csv,True,True
0,84,236,24,88,0.23052055226334262,0.1149244916118172,0.037387882959014955,color_battery_amoled_B.csv,True,True
0,85,122,190,142,0.1129107397051183,0.17971544254037145,0.12217552667794766,color_battery_amoled_B.csv,True,True
0,86,67,56,215,0.06319150206762246,0.03400551889705957,0.3183289510850036,color_battery_amoled_B.csv,True,True
0,87,212,145,15,0.1970958357659997,0.16161150596495655,0.005207182843020846,color_battery_amoled_B.csv,True,True
0,88,187,70,180,0.15159256842510077,0.08269210111564439,0.20414321438049607,color_battery_amoled_B.csv,True,True
0,89,45,238,98,0.11597908543582265,0.29008280670883796,0.06245840890570014,color_battery_amoled_B.csv,True,True
0,90,59,7,162,0.03519714451695057,0.01611068108738721,0.16789843041273383,color_battery_amoled_B.csv,True,True
0,91,173,174,116,0.1516230430158437,0.17388775115509927,0.07621013949515015,color_battery_amoled_B.csv,True,True
0,92,194,121,206,0.17839535087739028,0.11982001838842417,0.27655152993540777,color_battery_amoled_B.csv,True,True
0,93,85,207,24,0.0924593830393482,0.21236032854797962,0.01354823764101165,color_battery_amoled_B.csv,True,True
0,94,108,86,78,0.04659677360061136,0.042549889132922694,0.03234951322574471,color_battery_amoled_B.csv,True,True
0,95,250,255,152,0.34208354347006253,0.40844864588441526,0.13487651288748756,color_battery_amoled_B.csv,True,True
0,96,148,41,35,0.07518199340791933,0.040516508086774726,0.005368444601816492,color_battery_amoled_B.csv,True,True
0,97,3,129,243,0.0864622492992706,0.08224994170579096,0.4072140270211705,color_battery_amoled_B.csv,True,True
0,98,6,94,134,0.02914892996096604,0.03817597765928352,0.10795510962164233,color_battery_amoled_B.csv,True,True
0,99,147,246,81,0.17425677649620447,0.3312479108447203,0.04553685903946801,color_battery_amoled_B.csv,True,True
0,100,253,32,234,0.27987112044595586,0.13704364034816738,0.3520812291662303,color_battery_amoled_B.csv,True,True
0,101,108,137,60,0.06147655050164311,0.08980406415900849,0.021014148765051144,color_battery_amoled_B.csv,True,True
0,102,82,16,106,0.02784345005881424,0.013702777066108899,0.06258491636514708,color_battery_amoled_B.csv,True,True
0,103,196,165,188,0.19307954804506205,0.17233369203378146,0.2235895734602291,color_battery_amoled_B.csv,True,True
0,104,169,113,7,0.11455156570959375,0.09284449533336844,0.002613018848447644,color_battery_amoled_B.csv,True,True
0,105,60,216,207,0.1250793194310887,0.22294426103663423,0.2858047693302564,color_battery_amoled_B.csv,True,True
0,106,42,48,16,0.0067811487473114366,0.008886152662382135,0.0013608095394302387,color_battery_amoled_B.csv,True,True
0,107,187,153,198,0.17718258771628406,0.15004353775763046,0.2532789635916808,color_battery_amoled_B.csv,True,True
0,108,210,78,125,0.18102257695958957,0.10209196933981379,0.08481039364669289,color_battery_amoled_B.csv,True,True
0,109,68,231,169,0.1276296440617627,0.26517850096198936,0.1824821447347822,color_battery_amoled_B.csv,True,True
0,110,125,98,251,0.11307896314950558,0.07119906085151577,0.42565636055261336,color_battery_amoled_B.csv,True,True
0,111,235,199,42,0.27132047176469215,0.2704125560056673,0.015675845090715165,color_battery_amoled_B.csv,True,True
0,112,133,31,144,0.07274819624045224,0.03652736278691073,0.12464356513230117,color_battery_amoled_B.csv,True,True
0,113,20,182,70,0.06030555917968139,0.15342621547831073,0.031291413620150234,color_battery_amoled_B.csv,True,True
0,114,30,17,200,0.04634744621789839,0.02116733587897778,0.2724247152960753,color_battery_amoled_B.csv,True,True
0,115,136,184,30,0.10949147426503922,0.17588022766603634,0.011590040083035942,color_battery_amoled_B.csv,True,True
0,116,229,111,164,0.2305078567220477,0.14116902507110662,0.1595238597350494,color_battery_amoled_B.csv,True,True
0,117,112,198,114,0.10619018235022266,0.1941269287920484,0.07673438196511219,color_battery_amoled_B.csv,True,True
0,118,73,64,37,0.01921323037499097,0.019563674183137193,0.006732769975749373,color_battery_amoled_B.csv,True,True
0,119,223,233,241,0.2861909308674249,0.31429814187422106,0.36256379513657344,color_battery_amoled_B.csv,True,True
0,120,177,62,72,0.1173115716441521,0.06620263819724768,0.02528239984662348,color_battery_amoled_B.csv,True,True
0,121,40,150,158,0.060555103035799654,0.09984982727494604,0.15757204868725994,color_battery_amoled_B.csv,True,True
0,122,50,127,94,0.035980168541983854,0.06708345102761408,0.050125654569538054,color_battery_amoled_B.csv,True,True
0,123,167,214,136,0.17309937422529767,0.2503413190039768,0.10991060443665032,color_battery_amoled_B.csv,True,True
0,124,201,2,50,0.15760870237035804,0.07824218995037019,0.011265251547573357,color_battery_amoled_B.csv,True,True
0,125,95,168,228,0.11194711411428569,0.13401101820750239,0.3528051025554484,color_battery_amoled_B.csv,True,True
0,126,102,46,178,0.06076520835068658,0.03216837963173364,0.20514174990614734,color_battery_amoled_B.csv,True,True
0,127,239,135,100,0.2520558202869697,0.17392629413427377,0.0510079621051011,color_battery_amoled_B.csv,True,True
0,128,158,81,221,0.12901999060714184,0.07340742020875404,0.3294795252462073,color_battery_amoled_B.csv,True,True
0,129,8,248,9,0.12093337770444998,0.3293601173750625,0.018962658907081775,color_battery_amoled_B.csv,True,True
0,130,10,27,180,0.03605730375136796,0.017106123564528244,0.21404688626014676,color_battery_amoled_B.csv,True,True
0,131,159,179,100,0.13550276690273932,0.17548619107999858,0.05725214454304992,color_battery_amoled_B.csv,True,True
0,132,241,100,217,0.2606495817888565,0.1459387320386188,0.30215110667472456,color_battery_amoled_B.csv,True,True
0,133,104,205,15,0.10010273216074159,0.21136778819928248,0.011990158445703801,color_battery_amoled_B.csv,True,True
0,134,94,75,89,0.03711248635837867,0.031986886395085484,0.04336228514632749,color_battery_amoled_B.csv,True,True
0,135,200,225,143,0.22843724918689046,0.29560905759072703,0.12120816146859326,color_battery_amoled_B.csv,True,True
0,136,165,53,53,0.09828689698769608,0.05468069134892581,0.013524606779943629,color_battery_amoled_B.csv,True,True
0,137,48,156,227,0.09282101155172803,0.11215178424521946,0.35285294448427584,color_battery_amoled_B.csv,True,True
0,138,38,116,35,0.022974299236798456,0.052958331680300674,0.008109647806799838,color_battery_amoled_B.csv,True,True
0,139,175,220,245,0.21102342583380213,0.25591208092362977,0.38627199390807887,color_battery_amoled_B.csv,True,True
0,140,221,10,79,0.1970286133531916,0.09775133596460477,0.029523695800891866,color_battery_amoled_B.csv,True,True
0,141,72,163,153,0.07311631126195098,0.12136822125984477,0.1459690330138248,color_battery_amoled_B.csv,True,True
0,142,113,38,207,0.07904238557597454,0.038870536543480015,0.29014784872237,color_battery_amoled_B.csv,True,True
0,143,231,140,26,0.23446997418158938,0.1729778137974365,0.006053621563058847,color_battery_amoled_B.csv,True,True
0,144,137,91,163,0.08881419732571949,0.06213263000121842,0.16547759928243222,color_battery_amoled_B.csv,True,True
0,145,32,242,117,0.12140081907598417,0.30074702674965803,0.08540226921928548,color_battery_amoled_B.csv,True,True
0,146,18,85,251,0.07851073288063587,0.049583245476598536,0.43319574601705957,color_battery_amoled_B.csv,True,True
0,147,132,252,45,0.16462796169226965,0.3458474627264739,0.02557568343103359,color_battery_amoled_B.csv,True,True
0,148,233,44,151,0.22953700886810421,0.11586920458702085,0.13206625866877428,color_battery_amoled_B.csv,True,True
0,149,124,130,65,0.07094316457462385,0.08644701130134402,0.02337837876996466,color_battery_amoled_B.csv,True,True
0,150,255,0,0,0.2840336500970703,0.14126702724893483,0.00011189618003066671,color_battery_amoled_B.csv,True,True
0,151,0,255,255,0.1733336115134371,0.320321433435336,0.41499962434900683,color_battery_amoled_B.csv,True,True
0,152,255,255,255,0.34569973580471763,0.377386523590714,0.37869154942629624,color_battery_amoled_B.csv,True,True
0,153,100,0,0,0.031066092003157512,0.015377474297027979,1.1518928258091346e-05,color_battery_amoled_B.csv,True,True
0,154,0,100,0,0.01562798467950374,0.04132314397178297,0.0023424079878799652,color_battery_amoled_B.csv,True,True
0,155,0,0,100,0.009670710039993681,0.004420990474007958,0.05796671927307945,color_battery_amoled_B.csv,True,True
0,156,168,162,189,0.15424906455898646,0.15122097073459267,0.2291656857019821,color_battery_amoled_B.csv,True,True
0,157,173,175,211,0.17241416699031972,0.17246753153560893,0.2924784343453496,color_battery_amoled_B.csv,True,True
1,0,0,0,0,1.3382369549180758e-05,6.875678665958589e-06,2.4789906544715844e-05,color_battery_amoled_B.csv,True,True
1,1,255,255,255,0.34545127452278523,0.37730766429131046,0.37886558590929476,color_battery_amoled_B.csv,True,True
1,2,11,115,212,0.06611561886611735,0.06369136679078617,0.3081588239912474,color_battery_amoled_B.csv,True,True
1,3,157,218,2,0.16005452818793053,0.26590572099389104,0.013177118218815504,color_battery_amoled_B.csv,True,True
1,4,242,14,183,0.25450583289995493,0.1251007855224005,0.20560431714373825,color_battery_amoled_B.csv,True,True
1,5,101,163,110,0.07648321208814261,0.12651623507544796,0.06997588021748906,color_battery_amoled_B.csv,True,True
1,6,92,34,56,0.027154447754247336,0.015588260961156456,0.015718575007495836,color_battery_amoled_B.csv,True,True
1,7,202,139,237,0.2047091814337005,0.14364639364576243,0.36897284289098387,color_battery_amoled_B.csv,True,True
1,8,164,93,84,0.10545118506867789,0.07419909950888343,0.03713108818257859,color_battery_amoled_B.csv,True,True
1,9,51,244,130,0.12771972595756073,0.3047909583573925,0.10479744727241809,color_battery_amoled_B.csv,True,True
1,10,36,29,67,0.007300191475596545,0.00504661959461767,0.022931452116753397,color_battery_amoled_B.csv,True,True
1,11,178,180,147,0.1665653826348371,0.18629168081867412,0.12900595169332846,color_battery_amoled_B.csv,True,True
1,12,220,100,46,0.19958351362148646,0.12382429716174113,0.01016128964379466,color_battery_amoled_B.csv,True,True
1,13,75,202,248,0.1331052169408665,0.19032424591064426,0.40877337942858183,color_battery_amoled_B.csv,True,True
1,14,115,76,174,0.0711469379527285,0.04590527837765929,0.19365917799938787,color_battery_amoled_B.csv,True,True
1,15,229,229,120,0.2818031714091246,0.3299468101938739,0.08140045335168962,color_battery_amoled_B.csv,True,True
1,16,139,50,194,0.09555271776061253,0.04958864691801713,0.2479210597688028,color_battery_amoled_B.csv,True,True
1,17,29,155,21,0.040696799241624095,0.10572246300629615,0.007424503451314468,color_battery_amoled_B.csv,True,True
1,18,17,60,154,0.0287981633984397,0.020944710085001074,0.149307784426089,color_battery_amoled_B.csv,True,True
1,19,134,149,76,0.08991007851712299,0.11611107708836635,0.03269417309267306,color_battery_amoled_B.csv,True,True
1,20,232,66,246,0.2451868367016473,0.1245674792082206,0.3898352771214956,color_battery_amoled_B.csv,True,True
1,21,126,235,32,0.14265493911102528,0.2951626190513174,0.01937890322241034,color_battery_amoled_B.csv,True,True
1,22,71,109,118,0.03974042896315317,0.05225178135360802,0.08013952920163585,color_battery_amoled_B.csv,True,True
1,23,208,196,160,0.2236742502094264,0.23479691208769266,0.15355448862973867,color_battery_amoled_B.csv,True,True
1,24,191,19,27,0.13626099525733923,0.06802692119759118,0.0026927125258198463,color_battery_amoled_B.csv,True,True
1,25,41,186,203,0.09859785209094646,0.15948607418379468,0.27711383521575705,color_battery_amoled_B.csv,True,True
1,26,63,83,12,0.018750212054465896,0.02853037074692378,0.0018983523282483281,color_battery_amoled_B.csv,True,True
1,27,169,250,218,0.22118081921484894,0.3298251255536874,0.3074306229848856,color_battery_amoled_B.csv,True,True
1,28,198,44,96,0.1523942125298904,0.07870107127719604,0.04721279480275609,color_battery_amoled_B.csv,True,True
1,29,81,133,182,0.07127260544908147,0.0827302125747956,0.21540821226491258,color_battery_amoled_B.csv,True,True
1,30,104,4,223,0.08163019512907281,0.03779351248971524,0.3446665483353322,color_battery_amoled_B.csv,True,True
1,31,254,169,55,0.2970916222795747,0.23514407705464152,0.017859040153677796,color_battery_amoled_B.csv,True,True
1,32,144,125,140,0.09928724415094602,0.09128834553375378,0.11596294080223983,color_battery_amoled_B.csv,True,True
1,33,7,212,90,0.08733474057890092,0.2225586952075502,0.052250875491056586,color_battery_amoled_B.csv,True,True
1,34,2,11,40,0.0013793949063822346,0.0008924914515641238,0.007504726928371797,color_battery_amoled_B.csv,True,True
1,35,151,162,254,0.1566345117579343,0.14240570941727415,0.42373021116778825,color_battery_amoled_B.csv,True,True
1,36,249,117,69,0.26829904393896203,0.16711405717302497,0.022365998586890767,color_battery_amoled_B.csv,True,True
1,37,112,219,146,0.1292698412843831,0.24198523894592072,0.13123971071946428,color_battery_amoled_B.csv,True,True
1,38,86,90,196,0.06677918339003655,0.04946186537836159,0.255891473078842,color_battery_amoled_B.csv,True,True
1,39,192,243,19,0.2258724851535012,0.3480382077299016,0.017326405020300025,color_battery_amoled_B.csv,True,True
1,40,173,37,168,0.1261412809412463,0.06322470182047017,0.1755104577322106,color_battery_amoled_B.csv,True,True
1,41,56,141,126,0.049951512766667115,0.08657774726944899,0.09364281907353239,color_battery_amoled_B.csv,True,True
1,42,46,101,189,0.05407156322691365,0.04973194583890753,0.2369174195178406,color_battery_amoled_B.csv,True,True
1,43,183,204,105,0.18290904227759208,0.23801621616196533,0.06333365729729795,color_battery_amoled_B.csv,True,True
1,44,213,28,210,0.20148503962542225,0.09855050694871188,0.2875708404097833,color_battery_amoled_B.csv,True,True
1,45,64,178,4,0.06250753392593897,0.1487161925164431,0.008286073749085437,color_battery_amoled_B.csv,True,True
1,46,121,52,82,0.05143181913026117,0.031220986201200826,0.03543495642566867,color_battery_amoled_B.csv,True,True
1,47,239,157,132,0.2619225132070586,0.20016293666035165,0.09552209184245916,color_battery_amoled_B.csv,True,True
1,48,129,74,62,0.05943942277418994,0.04266999488539336,0.019385113911655562,color_battery_amoled_B.csv,True,True
1,49,24,226,232,0.13960894599158205,0.24624090722863282,0.3602363945630239,color_battery_amoled_B.csv,True,True
1,50,26,68,102,0.016067732008098436,0.018958615765713567,0.05822802635673618,color_battery_amoled_B.csv,True,True
1,51,140,236,176,0.17141314461532392,0.2908483544619522,0.19556190938626183,color_battery_amoled_B.csv,True,True
1,52,225,58,10,0.20503234325955821,0.10848937562918606,0.0006364116258014859,color_battery_amoled_B.csv,True,True
1,53,116,147,220,0.10969048510514409,0.10967292897663625,0.3273828269344262,color_battery_amoled_B.csv,True,True
1,54,77,22,138,0.03313372992292564,0.016135404846539022,0.11432100388609201,color_battery_amoled_B.csv,True,True
1,55,219,188,92,0.23279114240955712,0.23264973389554078,0.04721733487785818,color_battery_amoled_B.csv,True,True
1,56,181,107,229,0.16338195412538195,0.1015572079977884,0.35092805421832485,color_battery_amoled_B.csv,True,True
1,57,36,194,49,0.06918459036117547,0.1781032750888546,0.02065345890842018,color_battery_amoled_B.csv,True,True
1,58,54,43,240,0.07178295684441979,0.03482620061710879,0.3996227180880242,color_battery_amoled_B.csv,True,True
1,59,163,131,38,0.11263733571518723,0.1071493879926968,0.009321883338263443,color_battery_amoled_B.csv,True,True
1,60,205,84,156,0.17755797433908074,0.10205518580282248,0.1445234994941256,color_battery_amoled_B.csv,True,True
1,61,91,253,74,0.1421483411369633,0.33874911476281033,0.041323996464573465,color_battery_amoled_B.csv,True,True
1,62,98,123,29,0.047707195479159845,0.06990896329698185,0.0064464079011345,color_battery_amoled_B.csv,True,True
1,63,243,209,201,0.3007817981561615,0.2833795977483023,0.25122214438522056,color_battery_amoled_B.csv,True,True
1,64,154,5,112,0.08976985151573788,0.04410794885399314,0.06878008775295884,color_battery_amoled_B.csv,True,True
1,65,12,172,166,0.0741132700815877,0.13553222572226484,0.17641084728955486,color_battery_amoled_B.csv,True,True
1,66,15,39,122,0.016083148544786513,0.010373565045421536,0.08644967174542219,color_battery_amoled_B.csv,True,True
1,67,153,143,171,0.12380820319897601,0.11764395262178093,0.18334132219138966,color_battery_amoled_B.csv,True,True
1,68,246,88,22,0.2561444343478163,0.144968632004601,0.0025218727607243677,color_battery_amoled_B.csv,True,True
1,69,97,241,192,0.15333868282259341,0.29188046110437077,0.23934491863469287,color_battery_amoled_B.csv,True,True
1,70,88,119,150,0.058835337135440584,0.06695935359710688,0.13872912036778515,color_battery_amoled_B.csv,True,True
1,71,206,221,64,0.23010254100395872,0.2956461477979499,0.029173170835784357,color_battery_amoled_B.csv,True,True
1,72,160,9,249,0.13849173832777542,0.0653277601876727,0.41834127870231025,color_battery_amoled_B.csv,True,True
1,73,55,160,45,0.04903186041785341,0.11436961780351076,0.014926769717451334,color_battery_amoled_B.csv,True,True
1,74,32,72,236,0.06970354625922243,0.04084260577233272,0.38657597555391604,color_battery_amoled_B.csv,True,True
1,75,182,224,58,0.1945141496916544,0.28815112363178524,0.026724246793892847,color_battery_amoled_B.csv,True,True
1,76,216,54,128,0.19092163448691865,0.09943078706807665,0.08910466255816665,color_battery_amoled_B.csv,True,True
1,77,79,159,87,0.060114693015700355,0.11541074377541047,0.044824316159254744,color_battery_amoled_B.csv,True,True
1,78,119,26,1,0.044200027729234134,0.023042885459072855,8.864271161929505e-05,color_battery_amoled_B.csv,True,True
1,79,225,176,214,0.2528864628070182,0.20941814119050217,0.2937104174045753,color_battery_amoled_B.csv,True,True
1,80,143,103,108,0.08553602653159782,0.06981449890544801,0.06421334665655691,color_battery_amoled_B.csv,True,True
1,81,25,206,186,0.10489937208268636,0.20151325120781435,0.22661229680133133,color_battery_amoled_B.csv,True,True
1,82,21,105,52,0.018351990580008096,0.04221445336371096,0.015560429310094858,color_battery_amoled_B.csv,True,True
1,83,130,192,226,0.14453304933774336,0.1822424992712274,0.34196739619797745,color_battery_amoled_B.csv,True,True
1,84,236,24,88,0.23020233842421678,0.11486481282716268,0.03732425353350037,color_battery_amoled_B.csv,True,True
1,85,122,190,142,0.11238029086663309,0.1794845756357984,0.12206347898695573,color_battery_amoled_B.csv,True,True
1,86,67,56,215,0.06303686258917153,0.03419094553127597,0.31754672822182395,color_battery_amoled_B.csv,True,True
1,87,212,145,15,0.19699374439624784,0.1615020161060248,0.005159422257933708,color_battery_amoled_B.csv,True,True
1,88,187,70,180,0.15147753255134297,0.0826959777126914,0.20374057940187845,color_battery_amoled_B.csv,True,True
1,89,45,238,98,0.11573812550113655,0.2897926544432664,0.06216919854061983,color_battery_amoled_B.csv,True,True
1,90,59,7,162,0.034978425347521554,0.016117209062896463,0.16733782467629807,color_battery_amoled_B.csv,True,True
1,91,173,174,116,0.15165335320156764,0.1739174554483493,0.07602977397744363,color_battery_amoled_B.csv,True,True
1,92,194,121,206,0.1784078450339137,0.11967603056590707,0.276163362535528,color_battery_amoled_B.csv,True,True
1,93,85,207,24,0.09251452740180265,0.21226951029604177,0.013440478728698399,color_battery_amoled_B.csv,True,True
1,94,108,86,78,0.04650333511402498,0.04248214496433237,0.03226288791461623,color_battery_amoled_B.csv,True,True
1,95,250,255,152,0.341635282734181,0.40818374873964064,0.13454210662941657,color_battery_amoled_B.csv,True,True
1,96,148,41,35,0.07506201168291361,0.04041299942425487,0.005385586915106418,color_battery_amoled_B.csv,True,True
1,97,3,129,243,0.08679847083518512,0.08239414304887137,0.4067034915828425,color_battery_amoled_B.csv,True,True
1,98,6,94,134,0.029099270584270327,0.038176458879967415,0.1079059434205282,color_battery_amoled_B.csv,True,True
1,99,147,246,81,0.17435536376198743,0.33133993318266003,0.04518334824747616,color_battery_amoled_B.csv,True,True
1,100,253,32,234,0.27940925352024526,0.1369944972975665,0.351427318526937,color_battery_amoled_B.csv,True,True
1,101,108,137,60,0.06141285969431084,0.08967668498005679,0.020857415211071147,color_battery_amoled_B.csv,True,True
1,102,82,16,106,0.027824996700651528,0.013696438433686023,0.06250173342751793,color_battery_amoled_B.csv,True,True
1,103,196,165,188,0.19306021660830683,0.1723783001550355,0.22323385687893893,color_battery_amoled_B.csv,True,True
1,104,169,113,7,0.1145492081501786,0.09284457336810216,0.0026420066532307105,color_battery_amoled_B.csv,True,True
1,105,60,216,207,0.1248712834941555,0.2231073010943343,0.28525281088327586,color_battery_amoled_B.csv,True,True
1,106,42,48,16,0.006729040541594339,0.008840321476188587,0.0013311783478699422,color_battery_amoled_B.csv,True,True
1,107,187,153,198,0.1771830301974669,0.150058686543749,0.2531282762346077,color_battery_amoled_B.csv,True,True
1,108,210,78,125,0.18091165970412382,0.10203581967488758,0.08466906295845227,color_battery_amoled_B.csv,True,True
1,109,68,231,169,0.127315537643991,0.26503449992120165,0.182120545819716,color_battery_amoled_B.csv,True,True
1,110,125,98,251,0.11268867739124983,0.07108035992810023,0.4253370944968628,color_battery_amoled_B.csv,True,True
1,111,235,199,42,0.27116486356270514,0.2703626579007858,0.01574624895663829,color_battery_amoled_B.csv,True,True
1,112,133,31,144,0.07258960309468938,0.03648104872005862,0.12443343450904441,color_battery_amoled_B.csv,True,True
1,113,20,182,70,0.06033209407325539,0.15325674803809616,0.03156651932141909,color_battery_amoled_B.csv,True,True
1,114,30,17,200,0.04638060345076986,0.021177270920049417,0.27205500072105737,color_battery_amoled_B.csv,True,True
1,115,136,184,30,0.1093316569111906,0.1757456021987454,0.011561222728736388,color_battery_amoled_B.csv,True,True
1,116,229,111,164,0.2304934737801215,0.14106151311930748,0.15948766392441138,color_battery_amoled_B.csv,True,True
1,117,112,198,114,0.10618246483886314,0.19411885536784793,0.07653419970594705,color_battery_amoled_B.csv,True,True
1,118,73,64,37,0.01920364229249344,0.019527912965275826,0.006677893125209986,color_battery_amoled_B.csv,True,True
1,119,223,233,241,0.2859330475331128,0.3142502053366595,0.3620299998882716,color_battery_amoled_B.csv,True,True
1,120,177,62,72,0.11732559117890923,0.06615197414625595,0.025308359018494663,color_battery_amoled_B.csv,True,True
1,121,40,150,158,0.06045687118467456,0.09985192096763297,0.1572624680235259,color_battery_amoled_B.csv,True,True
1,122,50,127,94,0.0360226397048025,0.06703458582560207,0.05018080351778698,color_battery_amoled_B.csv,True,True
1,123,167,214,136,0.17315205510088016,0.2503269709591247,0.10999445998438424,color_battery_amoled_B.csv,True,True
1,124,201,2,50,0.15757105691622386,0.07817739432347644,0.011338393927916624,color_battery_amoled_B.csv,True,True
1,125,95,168,228,0.1120082601183695,0.13394924094031957,0.35272281719714665,color_battery_amoled_B.csv,True,True
1,126,102,46,178,0.060651774886056255,0.03204920906664739,0.2051299704261445,color_battery_amoled_B.csv,True,True
1,127,239,135,100,0.2518083903917531,0.17387314201907803,0.05090207503908545,color_battery_amoled_B.csv,True,True
1,128,158,81,221,0.12884438249113167,0.07345665459313251,0.3293070614938121,color_battery_amoled_B.csv,True,True
1,129,8,248,9,0.12123715319478942,0.32951563902979764,0.018954291856405528,color_battery_amoled_B.csv,True,True
1,130,10,27,180,0.036068626441136314,0.017195815209570732,0.21385720743511688,color_battery_amoled_B.csv,True,True
1,131,159,179,100,0.13548779644342676,0.17555103123792734,0.05691344537492468,color_battery_amoled_B.csv,True,True
1,132,241,100,217,0.260702357440127,0.14589360386965572,0.3021396258582304,color_battery_amoled_B.csv,True,True
1,133,104,205,15,0.10029697161630877,0.21146882295561406,0.011820836994889778,color_battery_amoled_B.csv,True,True
1,134,94,75,89,0.037059140976716504,0.03192711404123645,0.04337036255518233,color_battery_amoled_B.csv,True,True
1,135,200,225,143,0.22869563426107203,0.2956246350106795,0.12085352699149485,color_battery_amoled_B.csv,True,True
1,136,165,53,53,0.09827713974218794,0.05457415092172499,0.013551543213277418,color_battery_amoled_B.csv,True,True
1,137,48,156,227,0.09232127502455334,0.11172259598005062,0.3526409575188852,color_battery_amoled_B.csv,True,True
1,138,38,116,35,0.02306385634787526,0.05294409843838432,0.00811272550777763,color_battery_amoled_B.csv,True,True
1,139,175,220,245,0.21083151712691245,0.2559553281845245,0.3858879792858707,color_battery_amoled_B.csv,True,True
1,140,221,10,79,0.19703336740039398,0.09776777995679599,0.029534476043377205,color_battery_amoled_B.csv,True,True
1,141,72,163,153,0.0731763455990366,0.12135034216007154,0.1459569394379046,color_battery_amoled_B.csv,True,True
1,142,113,38,207,0.07922307283853185,0.03893945350269129,0.2900186539612942,color_battery_amoled_B.csv,True,True
1,143,231,140,26,0.23450724531267972,0.17301711232896255,0.006218840781291113,color_battery_amoled_B.csv,True,True
1,144,137,91,163,0.08879264648561487,0.06215688219613969,0.1654826452181342,color_battery_amoled_B.csv,True,True
1,145,32,242,117,0.12143665408892389,0.3009273603418304,0.08523702760503295,color_battery_amoled_B.csv,True,True
1,146,18,85,251,0.07817258520534354,0.049267537943427156,0.43305738563836466,color_battery_amoled_B.csv,True,True
1,147,132,252,45,0.1643714830168817,0.34587896303818244,0.025531486114793014,color_battery_amoled_B.csv,True,True
1,148,233,44,151,0.22959244878283538,0.11599301631234389,0.1318708130864907,color_battery_amoled_B.csv,True,True
1,149,124,130,65,0.07087399869685362,0.08639516184617438,0.02337720869811828,color_battery_amoled_B.csv,True,True
1,150,255,0,0,0.28415761738426654,0.14122009411148187,0.00010767726857962111,color_battery_amoled_B.csv,True,True
1,151,0,255,255,0.1731920030077353,0.32022470061699737,0.4149679295009404,color_battery_amoled_B.csv,True,True
1,152,255,255,255,0.3463023327583676,0.3773349926398105,0.37899846795011244,color_battery_amoled_B.csv,True,True
1,153,100,0,0,0.03099942479646822,0.015362846154574445,1.3667385155550363e-05,color_battery_amoled_B.csv,True,True
1,154,0,100,0,0.01565405717678713,0.04132171026522823,0.0023318537719260036,color_battery_amoled_B.csv,True,True
1,155,0,0,100,0.009658825137094412,0.004387008886950577,0.05790220051286162,color_battery_amoled_B.csv,True,True
1,156,168,162,189,0.15397891293907556,0.15110660909870846,0.22913111239625333,color_battery_amoled_B.csv,True,True
1,157,173,175,211,0.17219059716995264,0.1722836155974716,0.29232384803625033,color_battery_amoled_B.csv,True,True
2,0,0,0,0,5.0112384095037125e-05,3.116396077268534e-05,2.903012847929e-06,color_battery_amoled_B.csv,True,True
2,1,255,255,255,0.3455006445518301,0.377069658397514,0.37875470015800844,color_battery_amoled_B.csv,True,True
2,2,11,115,212,0.06611846791769485,0.0636744856112817,0.30789645526336473,color_battery_amoled_B.csv,True,True
2,3,157,218,2,0.15991802345006056,0.2660158481560526,0.013072676710867348,color_battery_amoled_B.csv,True,True
2,4,242,14,183,0.25446336462417496,0.12506058227124864,0.20570169197329455,color_battery_amoled_B.csv,True,True
2,5,101,163,110,0.07644773193055421,0.12635037911689997,0.06992127411925006,color_battery_amoled_B.csv,True,True
2,6,92,34,56,0.027125995958519243,0.015579520003348129,0.015674759921249518,color_battery_amoled_B.csv,True,True
2,7,202,139,237,0.2043149181502892,0.14355986391538986,0.3690454654884599,color_battery_amoled_B.csv,True,True
2,8,164,93,84,0.10548476791594774,0.07420627482482028,0.0371519495610228,color_battery_amoled_B.csv,True,True
2,9,51,244,130,0.12775034456861759,0.30491640849026475,0.10447963189262383,color_battery_amoled_B.csv,True,True
2,10,36,29,67,0.0072872784489296525,0.005038232049950135,0.022930948628781797,color_battery_amoled_B.csv,True,True
2,11,178,180,147,0.16643756362113288,0.18617821419257213,0.12869578959097788,color_battery_amoled_B.csv,True,True
2,12,220,100,46,0.19940428968084775,0.12365276994619293,0.01033536911368517,color_battery_amoled_B.csv,True,True
2,13,75,202,248,0.1326516846192218,0.19023197890786828,0.4082368280128302,color_battery_amoled_B.csv,True,True
2,14,115,76,174,0.07088251618692366,0.04580210071674781,0.19376263077044809,color_battery_amoled_B.csv,True,True
2,15,229,229,120,0.2818962199560028,0.32979667093033005,0.08178842500325086,color_battery_amoled_B.csv,True,True
2,16,139,50,194,0.09545980036095417,0.04953181478906282,0.24792901588133667,color_battery_amoled_B.csv,True,True
2,17,29,155,21,0.040784763076877804,0.1056256220740099,0.007584237036061189,color_battery_amoled_B.csv,True,True
2,18,17,60,154,0.028636684156627894,0.020913258908841475,0.1492742762034537,color_battery_amoled_B.csv,True,True
2,19,134,149,76,0.0897775975717169,0.11597804703783732,0.032658077030925145,color_battery_amoled_B.csv,True,True
2,20,232,66,246,0.24515332679444596,0.12449831400759792,0.3900258344359351,color_battery_amoled_B.csv,True,True
2,21,126,235,32,0.14244677583597745,0.2952217949755346,0.018807844363500574,color_battery_amoled_B.csv,True,True
2,22,71,109,118,0.039645807104384416,0.05218281905613026,0.08011776908467289,color_battery_amoled_B.csv,True,True
2,23,208,196,160,0.22395818820623808,0.23481824549856056,0.15375206330612654,color_battery_amoled_B.csv,True,True
2,24,191,19,27,0.13612336309122688,0.06795924815402392,0.002591454250082087,color_battery_amoled_B.csv,True,True
2,25,41,186,203,0.098454477040671,0.15936879237743473,0.27711696370952627,color_battery_amoled_B.csv,True,True
2,26,63,83,12,0.018747698051484917,0.028521243509121122,0.0018859998188854735,color_battery_amoled_B.csv,True,True
2,27,169,250,218,0.22140402017015723,0.3299366558889983,0.30717089288916327,color_battery_amoled_B.csv,True,True
2,28,198,44,96,0.15243565099720574,0.07875205501728084,0.04716894061172066,color_battery_amoled_B.csv,True,True
2,29,81,133,182,0.07123962169748656,0.0826236606460138,0.21549168152997544,color_battery_amoled_B.csv,True,True
2,30,104,4,223,0.0812290669396698,0.03769298530484413,0.34420409948462427,color_battery_amoled_B.csv,True,True
2,31,254,169,55,0.297030721433903,0.23507463720482344,0.017925552909894723,color_battery_amoled_B.csv,True,True
2,32,144,125,140,0.0991406671138966,0.09116158049550434,0.11585939223590624,color_battery_amoled_B.csv,True,True
2,33,7,212,90,0.08788132305526357,0.22288897688120599,0.05224022583725065,color_battery_amoled_B.csv,True,True
2,34,2,11,40,0.001398132565486358,0.0008926707323333153,0.007528878375067366,color_battery_amoled_B.csv,True,True
2,35,151,162,254,0.1563497287531205,0.1424402305953802,0.4232326649566055,color_battery_amoled_B.csv,True,True
2,36,249,117,69,0.2682913579470961,0.16718295042631287,0.022213644001572184,color_battery_amoled_B.csv,True,True
2,37,112,219,146,0.12937615692302515,0.2421289307893431,0.13118051385593982,color_battery_amoled_B.csv,True,True
2,38,86,90,196,0.06659878814445856,0.049002767352207224,0.25633177811118063,color_battery_amoled_B.csv,True,True
2,39,192,243,19,0.22612896836260643,0.347832295236694,0.017235736813574595,color_battery_amoled_B.csv,True,True
2,40,173,37,168,0.12591371071900934,0.06310405635948949,0.17523257469730674,color_battery_amoled_B.csv,True,True
2,41,56,141,126,0.049946402944908756,0.08652930174601049,0.09350559750097703,color_battery_amoled_B.csv,True,True
2,42,46,101,189,0.05414524787869726,0.04979252498961824,0.2365541177231352,color_battery_amoled_B.csv,True,True
2,43,183,204,105,0.1828177788017497,0.23779365733652488,0.06363377810608187,color_battery_amoled_B.csv,True,True
2,44,213,28,210,0.20145485715807265,0.09851815476853136,0.28787978396339153,color_battery_amoled_B.csv,True,True
2,45,64,178,4,0.06255003881004383,0.1487133574169022,0.008279354697179537,color_battery_amoled_B.csv,True,True
2,46,121,52,82,0.05138480653330803,0.031201604323700068,0.03538671282002584,color_battery_amoled_B.csv,True,True
2,47,239,157,132,0.2619739319304281,0.2001375739604014,0.09543488161731105,color_battery_amoled_B.csv,True,True
2,48,129,74,62,0.05939525592013348,0.04264246756389677,0.01930981844053003,color_battery_amoled_B.csv,True,True
2,49,24,226,232,0.1397600457127499,0.2460920628409823,0.3608132934480126,color_battery_amoled_B.csv,True,True
2,50,26,68,102,0.01610309939712413,0.01896815328446973,0.058197613330378636,color_battery_amoled_B.csv,True,True
2,51,140,236,176,0.1714946169300229,0.2906087467253438,0.19578809332445354,color_battery_amoled_B.csv,True,True
2,52,225,58,10,0.20497901356483386,0.10842838577922327,0.0005967213676836726,color_battery_amoled_B.csv,True,True
2,53,116,147,220,0.10951984550065756,0.10960981649699955,0.32713754444878207,color_battery_amoled_B.csv,True,True
2,54,77,22,138,0.03338217791791824,0.016289930802561896,0.11432476231526542,color_battery_amoled_B.csv,True,True
2,55,219,188,92,0.23282911967786554,0.2325993718300719,0.04746000237967793,color_battery_amoled_B.csv,True,True
2,56,181,107,229,0.1633823706066844,0.10157912277841726,0.35025855849676146,color_battery_amoled_B.csv,True,True
2,57,36,194,49,0.06908169469073235,0.17802190203694726,0.020462533168834042,color_battery_amoled_B.csv,True,True
2,58,54,43,240,0.07169475647695679,0.034702645733821855,0.3996732373401943,color_battery_amoled_B.csv,True,True
2,59,163,131,38,0.11256218344442316,0.10705750303520181,0.009328888247966734,color_battery_amoled_B.csv,True,True
2,60,205,84,156,0.17764245198164227,0.10203177930208819,0.14445026611406805,color_battery_amoled_B.csv,True,True
2,61,91,253,74,0.14226570828554327,0.33889851677397814,0.0413233912890242,color_battery_amoled_B.csv,True,True
2,62,98,123,29,0.04764241049401214,0.06984756303726171,0.006416866004591709,color_battery_amoled_B.csv,True,True
2,63,243,209,201,0.3008404624478267,0.28351498219278654,0.2512430945994682,color_battery_amoled_B.csv,True,True
2,64,154,5,112,0.08979604087174622,0.044150977670105195,0.0686834776273367,color_battery_amoled_B.csv,True,True
2,65,12,172,166,0.07402988026819728,0.13538701771635114,0.17641321486104658,color_battery_amoled_B.csv,True,True
2,66,15,39,122,0.016129040405841375,0.01039391435007105,0.08652139290608937,color_battery_amoled_B.csv,True,True
2,67,153,143,171,0.12394160762979897,0.1175852550957876,0.18332785798724413,color_battery_amoled_B.csv,True,True
2,68,246,88,22,0.25605209955359703,0.14499087614780945,0.0024623521582594434,color_battery_amoled_B.csv,True,True
2,69,97,241,192,0.15339366155851963,0.2917421332749135,0.23913783899986904,color_battery_amoled_B.csv,True,True
2,70,88,119,150,0.0588087981343393,0.06684423533425518,0.13861036972818053,color_battery_amoled_B.csv,True,True
2,71,206,221,64,0.22980492068220476,0.29571480306265957,0.02871943816305878,color_battery_amoled_B.csv,True,True
2,72,160,9,249,0.13827274632290062,0.06529356473070695,0.4181683845043639,color_battery_amoled_B.csv,True,True
2,73,55,160,45,0.04905617182300039,0.11430429193797721,0.014929235394915003,color_battery_amoled_B.csv,True,True
2,74,32,72,236,0.06950951201340547,0.040574718952188296,0.38708833907238416,color_battery_amoled_B.csv,True,True
2,75,182,224,58,0.19459706221873904,0.2884016619189845,0.02673928704912918,color_battery_amoled_B.csv,True,True
2,76,216,54,128,0.19109218673313988,0.09946854743292999,0.08913187330065893,color_battery_amoled_B.csv,True,True
2,77,79,159,87,0.06006615464602935,0.11542847812123828,0.044777009733141845,color_battery_amoled_B.csv,True,True
2,78,119,26,1,0.04412026664577163,0.023007320151741912,9.310882001745535e-05,color_battery_amoled_B.csv,True,True
2,79,225,176,214,0.2530587525967902,0.20932209195400847,0.29343124973667045,color_battery_amoled_B.csv,True,True
2,80,143,103,108,0.08547588177949224,0.06978864274018451,0.06418412860551104,color_battery_amoled_B.csv,True,True
2,81,25,206,186,0.10518418795547961,0.20154289546355625,0.22677919693552162,color_battery_amoled_B.csv,True,True
2,82,21,105,52,0.01841338611198162,0.04220293838142474,0.015585652796312967,color_battery_amoled_B.csv,True,True
2,83,130,192,226,0.1445461513973254,0.18243055638138375,0.34144502606631283,color_battery_amoled_B.csv,True,True
2,84,236,24,88,0.23023499332368977,0.11476522675103307,0.03747882714734765,color_battery_amoled_B.csv,True,True
2,85,122,190,142,0.11245798507790332,0.17947580311487468,0.12210775775981329,color_battery_amoled_B.csv,True,True
2,86,67,56,215,0.06284937095465684,0.03413815072022081,0.31764477736588853,color_battery_amoled_B.csv,True,True
2,87,212,145,15,0.19702515941071705,0.16147918800753,0.005119900021029804,color_battery_amoled_B.csv,True,True
2,88,187,70,180,0.1514209120933383,0.08259584291536502,0.20391970352935315,color_battery_amoled_B.csv,True,True
2,89,45,238,98,0.11571855294448023,0.29003436320286335,0.06147386756052729,color_battery_amoled_B.csv,True,True
2,90,59,7,162,0.03504509876976581,0.016175201700353484,0.16718757217511268,color_battery_amoled_B.csv,True,True
2,91,173,174,116,0.1515316815041919,0.17385623559010266,0.07604351606182096,color_battery_amoled_B.csv,True,True
2,92,194,121,206,0.17836712676486216,0.11977595102487103,0.27639003477259083,color_battery_amoled_B.csv,True,True
2,93,85,207,24,0.09232055663380112,0.21227595602011387,0.013382766634066281,color_battery_amoled_B.csv,True,True
2,94,108,86,78,0.04646954891042559,0.042444600917545296,0.032297730546124316,color_battery_amoled_B.csv,True,True
2,95,250,255,152,0.3415766666293288,0.40830300862624164,0.13449322604987807,color_battery_amoled_B.csv,True,True
2,96,148,41,35,0.07503588734275307,0.04041411361541233,0.005386598952229737,color_battery_amoled_B.csv,True,True
2,97,3,129,243,0.0867594357729012,0.0823510763719904,0.40693713288094385,color_battery_amoled_B.csv,True,True
2,98,6,94,134,0.029092477084794996,0.03816081362636195,0.10783636078917168,color_battery_amoled_B.csv,True,True
2,99,147,246,81,0.17425336085413468,0.331240425245378,0.045382782082664726,color_battery_amoled_B.csv,True,True
2,100,253,32,234,0.2792013236226881,0.13698112762571785,0.3513349973111889,color_battery_amoled_B.csv,True,True
2,101,108,137,60,0.06153004989084846,0.0897466587715613,0.020866746885786887,color_battery_amoled_B.csv,True,True
2,102,82,16,106,0.027843128630339723,0.013707113168846563,0.062459144463422864,color_battery_amoled_B.csv,True,True
2,103,196,165,188,0.19318798989243785,0.17235483736615714,0.2234952148158722,color_battery_amoled_B.csv,True,True
2,104,169,113,7,0.11458443159051132,0.09285063038388257,0.002613525738173407,color_battery_amoled_B.csv,True,True
2,105,60,216,207,0.125006990940056,0.22312852782837544,0.2853697461770626,color_battery_amoled_B.csv,True,True
2,106,42,48,16,0.006750115950045667,0.008857157871648154,0.0013412442500429441,color_battery_amoled_B.csv,True,True
2,107,187,153,198,0.176981565937968,0.14972011541998384,0.2529146843871536,color_battery_amoled_B.csv,True,True
2,108,210,78,125,0.18083361737519793,0.10188844128178773,0.08488570434746393,color_battery_amoled_B.csv,True,True
2,109,68,231,169,0.12764307615505358,0.26521390546305074,0.1820627751148833,color_battery_amoled_B.csv,True,True
2,110,125,98,251,0.11273085772583434,0.07079575725094775,0.42547480355250733,color_battery_amoled_B.csv,True,True
2,111,235,199,42,0.27099599245616757,0.27019149071662424,0.01562998690492347,color_battery_amoled_B.csv,True,True
2,112,133,31,144,0.07250508695733478,0.03646908377033524,0.12427168932326799,color_battery_amoled_B.csv,True,True
2,113,20,182,70,0.060397872465655485,0.15336242758630508,0.03117853893889677,color_battery_amoled_B.csv,True,True
2,114,30,17,200,0.04626411340962399,0.021054193985661974,0.27209534377397626,color_battery_amoled_B.csv,True,True
2,115,136,184,30,0.10923258760984937,0.1757312381588076,0.011383931578245429,color_battery_amoled_B.csv,True,True
2,116,229,111,164,0.23049360397329963,0.14104832808180806,0.1595041343915563,color_battery_amoled_B.csv,True,True
2,117,112,198,114,0.10593226104976726,0.19404352739226,0.07637285953310469,color_battery_amoled_B.csv,True,True
2,118,73,64,37,0.019156681153167036,0.01951997985635103,0.006703082406948198,color_battery_amoled_B.csv,True,True
2,119,223,233,241,0.286007324376018,0.31431123591853,0.36179737113397265,color_battery_amoled_B.csv,True,True
2,120,177,62,72,0.1171822449903881,0.0661136973848131,0.02516106981119033,color_battery_amoled_B.csv,True,True
2,121,40,150,158,0.060467387654297725,0.09973444865362367,0.15754655456163072,color_battery_amoled_B.csv,True,True
2,122,50,127,94,0.035973516335283236,0.06700949380726068,0.05015289090931269,color_battery_amoled_B.csv,True,True
2,123,167,214,136,0.17333030391770807,0.25038569753533657,0.10976938002879828,color_battery_amoled_B.csv,True,True
2,124,201,2,50,0.1575332065399054,0.07808431832742413,0.011236552778943766,color_battery_amoled_B.csv,True,True
2,125,95,168,228,0.11206939774825853,0.1341276791712616,0.35266425821706304,color_battery_amoled_B.csv,True,True
2,126,102,46,178,0.06074783286553305,0.03212454011764828,0.20501005859350258,color_battery_amoled_B.csv,True,True
2,127,239,135,100,0.25205985225964794,0.17381388645401613,0.050924947598624475,color_battery_amoled_B.csv,True,True
2,128,158,81,221,0.1288377352741356,0.07343484943220467,0.329190373710985,color_battery_amoled_B.csv,True,True
2,129,8,248,9,0.12118127948288675,0.32933974464063037,0.018833473443325685,color_battery_amoled_B.csv,True,True
2,130,10,27,180,0.03603733513351361,0.017160017044895566,0.2139716922812947,color_battery_amoled_B.csv,True,True
2,131,159,179,100,0.13531200452661338,0.175447681840993,0.057043112646878065,color_battery_amoled_B.csv,True,True
2,132,241,100,217,0.2606662844368767,0.14580211212888602,0.30210107769904365,color_battery_amoled_B.csv,True,True
2,133,104,205,15,0.10010091864000123,0.21129980739737775,0.011891562590256694,color_battery_amoled_B.csv,True,True
2,134,94,75,89,0.03703663629862487,0.03190913461205064,0.043357602331095875,color_battery_amoled_B.csv,True,True
2,135,200,225,143,0.22846573797130898,0.2956477086937473,0.1203918502270095,color_battery_amoled_B.csv,True,True
2,136,165,53,53,0.09823571868984914,0.05461933445309083,0.013406875255759785,color_battery_amoled_B.csv,True,True
2,137,48,156,227,0.09238173125089504,0.11186837277032827,0.3522546276827559,color_battery_amoled_B.csv,True,True
2,138,38,116,35,0.022972249512272502,0.05291209840710248,0.008053147134829974,color_battery_amoled_B.csv,True,True
2,139,175,220,245,0.21098673496521103,0.25617378289661336,0.3858862503451358,color_battery_amoled_B.csv,True,True
2,140,221,10,79,0.19694004763933665,0.09773658553591624,0.029525234097081972,color_battery_amoled_B.csv,True,True
2,141,72,163,153,0.07311693863562374,0.12133459043154148,0.14621223058247876,color_battery_amoled_B.csv,True,True
2,142,113,38,207,0.07893592347880783,0.03877391730358921,0.2900506636336159,color_battery_amoled_B.csv,True,True
2,143,231,140,26,0.23443567708252677,0.17292933850060774,0.006054576802400674,color_battery_amoled_B.csv,True,True
2,144,137,91,163,0.08884932848682037,0.06224785358149725,0.16515781397165508,color_battery_amoled_B.csv,True,True
2,145,32,242,117,0.12127119014252827,0.3009622326200573,0.08465973335021143,color_battery_amoled_B.csv,True,True
2,146,18,85,251,0.07828132615071781,0.049509051913169344,0.4327368946803795,color_battery_amoled_B.csv,True,True
2,147,132,252,45,0.16496190240500078,0.3461300027851682,0.025904236362191604,color_battery_amoled_B.csv,True,True
2,148,233,44,151,0.22975133690486219,0.1159212918973788,0.1320894988451649,color_battery_amoled_B.csv,True,True
2,149,124,130,65,0.07084512039421142,0.08633032554452456,0.02338920157668628,color_battery_amoled_B.csv,True,True
2,150,255,0,0,0.284108631297698,0.14126168576923648,0.00010961453560468277,color_battery_amoled_B.csv,True,True
2,151,0,255,255,0.1733728507995899,0.3200737616406245,0.41487157808247543,color_battery_amoled_B.csv,True,True
2,152,255,255,255,0.34577382077102914,0.37717262039341726,0.37876504011953244,color_battery_amoled_B.csv,True,True
2,153,100,0,0,0.03103663248258197,0.015379371189814342,1.4277924573065699e-05,color_battery_amoled_B.csv,True,True
2,154,0,100,0,0.015645146693090972,0.0413033831010159,0.0023345860987279273,color_battery_amoled_B.csv,True,True
2,155,0,0,100,0.00965182517871481,0.004381817336458517,0.05789775360863256,color_battery_amoled_B.csv,True,True
2,156,168,162,189,0.15417589334399948,0.1512293250807864,0.22902037751128662,color_battery_amoled_B.csv,True,True
2,157,173,175,211,0.1722394349662373,0.1723976074482854,0.29235654996891836,color_battery_amoled_B.csv,True,True
