id,n_rows,X_target_mean,Y_target_mean,Z_target_mean,X_pred_mean,Y_pred_mean,Z_pred_mean,mae_xyz_mean
0,3,3.0258317994801695e-05,1.6451715718135642e-05,1.8890276619166348e-05,0.0,0.0005435252096503973,0.0021726160775870085,0.0009036858709649685
1,3,0.3456271602770004,0.3772166732675517,0.3787503481438363,0.3505610525608063,0.3771093785762787,0.38982170820236206,0.005379675717593729
2,3,0.0661601863721018,0.06374922349502847,0.3079738110285078,0.06213759258389473,0.057032905519008636,0.3109497129917145,0.004571604575811194
3,3,0.16011515036477622,0.26600196424754924,0.013082451044604662,0.16090255975723267,0.2669089734554291,0.007594603579491377,0.0023940886884831897
4,3,0.25452635448162475,0.12510397994221764,0.20571670396970254,0.24615272879600525,0.11590880155563354,0.21251673996448517,0.008122946688995396
5,3,0.07645197279217765,0.12645447727693163,0.06992755373667046,0.07639110088348389,0.1269475221633911,0.0710340067744255,0.0005534566109694278
6,3,0.02716551521541986,0.015601199787231275,0.01568738022405892,0.024620454758405685,0.015842154622077942,0.016104871407151222,0.0010678354916510478
7,3,0.20455650611164203,0.14355960116114652,0.3692459494574345,0.20551373064517975,0.14296671748161316,0.36050519347190857,0.0034302880661989943
8,3,0.10552072884412685,0.07423803557609825,0.03715080473321596,0.10796988010406494,0.07361289113759995,0.03700926899909973,0.0010719438108508774
9,3,0.12780761734210033,0.3049778550866708,0.1045552869963966,0.12545055150985718,0.2962856888771057,0.1069459468126297,0.004479963952680437
10,3,0.007313875263845557,0.005050379150981222,0.022957374192180583,0.007759161293506622,0.00765638193115592,0.021206170320510864,0.0016008308938351614
11,3,0.16654135061505115,0.18624504057989752,0.12899415004211479,0.16732734441757202,0.18681934475898743,0.13078708946704865,0.0010510791355148874
12,3,0.1995557717763702,0.12377461500174032,0.010235642449731247,0.20199377834796906,0.12398369610309601,0.011952022090554237,0.0014544891045925
13,3,0.13280679651075147,0.19021442088182336,0.4088241249905222,0.13455811142921448,0.1986488699913025,0.40144985914230347,0.005853343292053608
14,3,0.07102397002861018,0.045880746879119215,0.19377493802123688,0.07050314545631409,0.04506003111600876,0.20077607035636902,0.002780890890179568
15,3,0.28175088183284686,0.3298584975456438,0.08165469375665362,0.27545493841171265,0.3243712782859802,0.083509162068367,0.0045458769975037045
16,3,0.09557952247537893,0.04964019378501646,0.2480415114793251,0.09559130668640137,0.04900061711668968,0.2540278732776642,0.0022425170299335846
17,3,0.04075459518261471,0.1056931851385034,0.007507865515108787,0.041186925023794174,0.10808595269918442,0.008662903681397438,0.00132671185604971
18,3,0.0287567104950177,0.020965572653968676,0.14936893726164446,0.029338810592889786,0.01987549103796482,0.15455655753612518,0.002286600662785552
19,3,0.08987535781972276,0.11608506291618172,0.03266437579366075,0.09012016654014587,0.1152922734618187,0.03399064019322395,0.0007879541914497831
20,3,0.24525576528702178,0.12453454153424288,0.39041012085408267,0.24679133296012878,0.124982088804245,0.38696643710136414,0.0018089328986092123
21,3,0.1426188394880409,0.29521945978577735,0.01920077422340054,0.14206714928150177,0.2917727530002594,0.01869504526257515,0.0015013753176275043
22,3,0.03972411680253896,0.05225357540126555,0.08013208319393494,0.039102379232645035,0.050146497786045074,0.08141913264989853,0.0013386215470259982
23,3,0.2239235252380173,0.2348679123611885,0.15369535545227586,0.22285662591457367,0.23531430959701538,0.1559230238199234,0.0012469883089726945
24,3,0.13622874435422794,0.0680099844775845,0.0026526930157961155,0.14662308990955353,0.07098610699176788,0.00215352326631546,0.004623212606329874
25,3,0.09857500206594173,0.1594839684459034,0.27729793003870373,0.09867137670516968,0.1631656140089035,0.27951475977897644,0.001998572283286477
26,3,0.018771380028340088,0.02854896878073199,0.001892336682824921,0.014675159007310867,0.023395715281367302,0.005950994323939085,0.004436044053836026
27,3,0.22143219546106993,0.3299992518908964,0.307513635163041,0.2201004922389984,0.322297602891922,0.30612242221832275,0.0034748550552547255
28,3,0.15245311555372762,0.07877523612294195,0.047201783089211254,0.15827560424804688,0.08228479325771332,0.04528393596410751,0.0037499643180647878
29,3,0.07129275128656462,0.08271108544069611,0.21546557706063993,0.07096412777900696,0.08071856945753098,0.22205914556980133,0.0029715693332947337
30,3,0.08143733677821498,0.03768749456649095,0.34461095432976746,0.07518897950649261,0.029362503439188004,0.3433827757835388,0.005267175648417984
31,3,0.29720799510496404,0.23517506662830598,0.017928670113454937,0.28390195965766907,0.2345271110534668,0.019345436245203018,0.005123585717960742
32,3,0.0993056435134385,0.09128577212975414,0.11599929493748207,0.09846203029155731,0.08887380361557007,0.11868130415678024,0.0019791969851211473
33,3,0.0875994307876972,0.22271568556601515,0.05218246486013887,0.08742089569568634,0.2250613421201706,0.047788772732019424,0.002325106839603125
34,3,0.0013874543928487158,0.0008926925595771923,0.007539061263117906,0.002245847135782242,0.00323069398291409,0.006508657708764076,0.0014089325735414176
35,3,0.15646107066420975,0.14246785370455625,0.4238045567013094,0.15641255676746368,0.14371231198310852,0.41137194633483887,0.004592174913974598
36,3,0.26839595976846464,0.1672596188695887,0.022258350406517052,0.25609320402145386,0.16317534446716309,0.02493102476000786,0.006353234834309061
37,3,0.12935886585441272,0.24208120094586913,0.1312138426153595,0.12994353473186493,0.24206824600696564,0.13430538773536682,0.001248168992353206
38,3,0.0666832628069114,0.049237946141629886,0.2562456160238758,0.0654502660036087,0.04695193096995354,0.26294711232185364,0.0034068360909856304
39,3,0.22590035968260805,0.3479730527004949,0.017312856495615075,0.22941350936889648,0.3431514799594879,0.01241767406463623,0.004409968286091391
40,3,0.12608041976343357,0.06319611891036907,0.1754138353983344,0.12844882905483246,0.06339086592197418,0.18029390275478363,0.0024810745531510803
41,3,0.04995846968201012,0.08658072941842497,0.093608217381216,0.05038965493440628,0.0855787917971611,0.09526274353265762,0.0010292163417005486
42,3,0.05407696109073396,0.04976767552361381,0.23675022423333983,0.05392042547464371,0.046891480684280396,0.24484457075595856,0.0037090256593474667
43,3,0.18297584820747007,0.23799150426956137,0.06352723905092121,0.18609699606895447,0.24145321547985077,0.06430964171886444,0.002455087246572348
44,3,0.20153721450258114,0.09854418512172776,0.2879882641833263,0.20321741700172424,0.09575340151786804,0.29071253538131714,0.0023984191003312096
45,3,0.06250337361610434,0.14870780311836598,0.008265092543844004,0.06137382611632347,0.15401482582092285,0.007913077250123024,0.0022628618320195675
46,3,0.051448303895946686,0.031232849287138927,0.035442176420588646,0.0511949323117733,0.031776681542396545,0.03440846875309944,0.0006103038356400722
47,3,0.2620980397607967,0.20026268578334325,0.09551984847687815,0.2513265609741211,0.19610445201396942,0.09882443398237228,0.006078099353847855
48,3,0.05946555529387889,0.042698449217730326,0.019376816916741535,0.0600544773042202,0.04203115403652191,0.020913273096084595,0.0009308911236309285
49,3,0.1396775313855757,0.2461085269884243,0.3607899182850982,0.13575588166713715,0.2483772486448288,0.3598853051662445,0.0023649948312322497
50,3,0.016091529164790702,0.018973824493561723,0.0582226348340009,0.017153248190879822,0.018874676898121834,0.056289367377758026,0.0010313780259239606
51,3,0.17153653361717577,0.2907810692652461,0.19573086606376866,0.17039166390895844,0.28461140394210815,0.20001491904258728,0.0038661960033912943
52,3,0.20502557679812847,0.10847089183508558,0.0006183815239529279,0.20930181443691254,0.10904800146818161,0.0,0.0018239095986110094
53,3,0.10969685019483304,0.10963867499462471,0.3274876086407643,0.1089649498462677,0.1086793914437294,0.32425186038017273,0.0016423107200174024
54,3,0.03333208963383779,0.016251091221782418,0.11438965019151438,0.03126956894993782,0.016220083460211754,0.11735182255506516,0.0017040510727121848
55,3,0.23287981658134724,0.2326591018810058,0.04733795165510887,0.23243407905101776,0.23612618446350098,0.04779861867427826,0.0014578290439980189
56,3,0.16345797828266728,0.1015736173426731,0.35067661607786,0.16543921828269958,0.10140323638916016,0.34428003430366516,0.0028494009092466695
57,3,0.06905911381662469,0.17802721557166837,0.02051489756189333,0.07245233654975891,0.1870887279510498,0.020094286650419235,0.004291782007996588
58,3,0.07170783008593336,0.0347482057887308,0.39997175511979477,0.06930312514305115,0.03324328735470772,0.39466363191604614,0.003072582193551309
59,3,0.11263381987273464,0.1071691048036826,0.009324712968573705,0.11592650413513184,0.10690011084079742,0.011881973594427109,0.0020396462837119207
60,3,0.17759821913615528,0.10204574294829614,0.1445855501720616,0.17909865081310272,0.10216526687145233,0.14830757677555084,0.0017806607345309533
61,3,0.14225727331826413,0.33888653827922766,0.04141056129666019,0.1374863237142563,0.3238101303577423,0.04213889688253403,0.00685856437045568
62,3,0.047691494900810594,0.06991691199222001,0.0064364664995319254,0.04513711854815483,0.0668235644698143,0.01036854274570942,0.003193266707079659
63,3,0.30087829318115367,0.283540531664416,0.2514344786319442,0.2929915487766266,0.28129902482032776,0.2523740828037262,0.0036892851401324604
64,3,0.08982917913218146,0.044152837895842144,0.06880216218816261,0.08896951377391815,0.041030652821063995,0.06564818322658539,0.002378609798206224
65,3,0.07409372294615592,0.13546610845813611,0.17648847384523977,0.0725434273481369,0.1343855857849121,0.18070851266384125,0.0022836190299481665
66,3,0.016121715071709036,0.010398548711058218,0.08652569067295225,0.017379654571413994,0.011766880750656128,0.08661622554063797,0.000905602135662859
67,3,0.12390230552396718,0.11769914853170112,0.1832975790543744,0.12260748445987701,0.11482571065425873,0.18739941716194153,0.002756699016366564
68,3,0.25616688432631657,0.14501840367205332,0.0025192983497257715,0.2484564483165741,0.1406935453414917,0.003153366968035698,0.004223120986204673
69,3,0.15333587515785665,0.29180942221020917,0.23930515043628597,0.15226298570632935,0.286978155374527,0.24475456774234772,0.003784524531090421
70,3,0.05879975317045117,0.0668913171923426,0.1387071113405599,0.057450901716947556,0.06440336257219315,0.14269904792308807,0.00260958088539375
71,3,0.22999269883873455,0.29567292939600637,0.029008718594164234,0.23378488421440125,0.29872018098831177,0.029074737802147865,0.0023367613953492812
72,3,0.1384045534377383,0.0652780491643818,0.4186252484290291,0.13653789460659027,0.05770685523748398,0.40835022926330566,0.006570957307923085
73,3,0.04903869453334703,0.11434414307693586,0.015003234900016331,0.04995949938893318,0.11748196929693222,0.016789602115750313,0.0019483327637721717
74,3,0.069549470041036,0.040691931411436476,0.38689347266299223,0.06694991886615753,0.03796280175447464,0.38269782066345215,0.0031747776104601327
75,3,0.19454449191432563,0.28825247876847776,0.026870611637193568,0.19912630319595337,0.2901260256767273,0.026790600270032883,0.00220460467391125
76,3,0.19105375840817018,0.09950098018206298,0.08914630914214454,0.19220978021621704,0.10086516290903091,0.0907917469739914,0.0013885474556205484
77,3,0.06014408840251345,0.11546996327296254,0.04484627836537008,0.06042486056685448,0.11683931946754456,0.0442352294921875,0.0007537257440352107
78,3,0.044182440827202414,0.023038578482721492,9.145249937154705e-05,0.04226258769631386,0.020724181085824966,0.002187478356063366,0.0021100921281589674
79,3,0.2530495505972202,0.20939782468092172,0.2937513258724877,0.24911484122276306,0.20812194049358368,0.2912381589412689,0.002574586831004647
80,3,0.08556901582387422,0.06985886643942384,0.06421436746729146,0.08542890846729279,0.06799239665269852,0.0649821013212204,0.000924770332411895
81,3,0.10512307569514588,0.20155122478309476,0.22682198734447154,0.10477316379547119,0.20476505160331726,0.232349693775177,0.0030304817168675495
82,3,0.018377244425682112,0.042211326635328006,0.015580751495297937,0.018508201465010643,0.0394064225256443,0.01531657762825489,0.0010666783386850947
83,3,0.14466394150551798,0.18240197916692555,0.34186347303198134,0.14578676223754883,0.18636299669742584,0.33614638447761536,0.003600308938965695
84,3,0.23031929467041637,0.11485151039667098,0.037396987879954324,0.22592811286449432,0.11259346455335617,0.03460109978914261,0.0031483719133495306
85,3,0.11258300521655157,0.17955860709701485,0.12211558780823889,0.11381867527961731,0.18201515078544617,0.12480911612510681,0.002128580689454995
86,3,0.0630259118704836,0.034111538382852115,0.31784015222423867,0.06219226494431496,0.03336773067712784,0.3213934600353241,0.0017102541476594468
87,3,0.19703824652432153,0.1615309033595038,0.005162168373994786,0.20156043767929077,0.1636127233505249,0.003938042093068361,0.002609379142305595
88,3,0.151497004356594,0.08266130724790027,0.20393449910390923,0.15452800691127777,0.08362201601266861,0.20948240160942078,0.0031798712749878835
89,3,0.11581192129381314,0.2899699414516559,0.06203382500228242,0.1146424263715744,0.2852671444416046,0.06100430712103844,0.002300603271178006
90,3,0.03507355621141264,0.016134363950212383,0.1674746090880482,0.032522596418857574,0.013498466461896896,0.17453449964523315,0.00408224927935184
91,3,0.15160269257386774,0.1738871473978504,0.07609447651147158,0.1534138321876526,0.17533063888549805,0.07742534577846527,0.0015285001228087204
92,3,0.17839010755872206,0.11975733332640076,0.27636830908117554,0.17964684963226318,0.11876802891492844,0.2770465612411499,0.0009747662149959457
93,3,0.09243148902498399,0.21230193162137842,0.013457161001258775,0.09293708205223083,0.2193707823753357,0.014245191588997841,0.002787491456314395
94,3,0.04652321920835398,0.04249221167160012,0.032303377228828416,0.044969331473112106,0.04006260633468628,0.032877855002880096,0.0015193236154024629
95,3,0.3417651642778574,0.4083118010834325,0.13463728185559407,0.3282100260257721,0.38989487290382385,0.1376282125711441,0.01165433238241468
96,3,0.075093297477862,0.040447873708813975,0.005380210156384215,0.07868577539920807,0.041676126420497894,0.007298941258341074,0.0022464872449956146
97,3,0.08667338530245232,0.08233172037555091,0.4069515504949856,0.07835669815540314,0.0737006813287735,0.39802733063697815,0.008623982017278018
98,3,0.029113559210010454,0.038171083388537634,0.10789913794378074,0.027995776385068893,0.032761961221694946,0.1090390533208847,0.002555606789629404
99,3,0.1742885003707755,0.3312760897575861,0.04536766312320297,0.1723196804523468,0.3198689818382263,0.04574444890022278,0.004584237871602773
100,3,0.2794938991962964,0.13700642175715058,0.3516145150014521,0.2784809172153473,0.13316166400909424,0.35343343019485474,0.0022255516408027118
101,3,0.06147315336226747,0.0897424693035422,0.020912770287303057,0.06062475964426994,0.08840714395046234,0.02315843477845192,0.0014764611874087455
102,3,0.027837191796601834,0.013702109556213829,0.06251526475202929,0.024718213826417923,0.013439977541565895,0.06059793010354042,0.001766148211106904
103,3,0.19310925151526892,0.17235560985165801,0.22343954838501343,0.1930122673511505,0.17119643092155457,0.2255183458328247,0.0011116535140110555
104,3,0.11456173515009456,0.09284656636178439,0.0026228504132839205,0.11871424317359924,0.09097521752119064,0.0029124715365469456,0.0021044926624538187
105,3,0.12498586462176671,0.223060029986448,0.2854757754635316,0.12594422698020935,0.22766850888729095,0.2886349558830261,0.002908673892926696
106,3,0.00675343507965048,0.008861210670072958,0.0013444107124477083,0.004835997708141804,0.007798435632139444,0.005322870332747698,0.002319557343247394
107,3,0.17711572795057298,0.1499407799071211,0.2531073080711474,0.17727339267730713,0.14799973368644714,0.2538740038871765,0.000955135587812418
108,3,0.18092261801297047,0.1020054100988297,0.08478838698420303,0.18271604180335999,0.10328279435634613,0.08673063665628433,0.0016710192399957615
109,3,0.12752941928693576,0.26514230211541395,0.18222182188979383,0.12759140133857727,0.2635459899902344,0.18773657083511353,0.0024109960495272975
110,3,0.11283283275552991,0.07102505934352125,0.4254894195339945,0.11265435814857483,0.07086098194122314,0.41309645771980286,0.004259665650098364
111,3,0.2711604425945216,0.2703222348743591,0.015684026984092308,0.2690824866294861,0.2765040695667267,0.015360474586486816,0.0028611143516695317
112,3,0.07261429543082547,0.0364924984257682,0.12444956298820453,0.0719706118106842,0.036294594407081604,0.12710341811180115,0.0011651475874748273
113,3,0.06034517523953076,0.153348463700904,0.031345490626822035,0.06312879920005798,0.15960970520973206,0.029513239860534668,0.003625705411880885
114,3,0.046330721026097414,0.02113293359489639,0.27219168659703635,0.04503282904624939,0.018357839435338974,0.2820092439651489,0.0046301811691726825
115,3,0.1093519062620264,0.17578568934119643,0.011511731463339253,0.1118982583284378,0.181290403008461,0.013246698305010796,0.0032620108584491686
116,3,0.23049831149182295,0.14109295542407405,0.15950521935033904,0.2248346358537674,0.13814765214920044,0.16451075673103333,0.004538172097874487
117,3,0.10610163607961769,0.19409643718405212,0.07654714706805464,0.10796801745891571,0.1980757862329483,0.07834257930517197,0.0025470542217705147
118,3,0.019191184606883818,0.019537189001588018,0.0067045818359691865,0.01699036918580532,0.01795247569680214,0.010335590690374374,0.002472179193423187
119,3,0.28604376759218525,0.31428652770980353,0.3621303887196059,0.28493815660476685,0.31212905049324036,0.3602338135242462,0.001719887799780415
120,3,0.11727313593781648,0.06615610324277225,0.025250609558769493,0.12348641455173492,0.06921973824501038,0.02529844269156456,0.0031104525445239065
121,3,0.06049312062492398,0.09981206563206757,0.15746035709080553,0.06083518639206886,0.09827478229999542,0.16164962947368622,0.002022873827365908
122,3,0.0359921081940232,0.06704251022015895,0.05015311633221258,0.03621108457446098,0.06598188728094101,0.0491330549120903,0.0007665535799259976
123,3,0.1731939110812953,0.25035132916614605,0.10989148148327761,0.17425449192523956,0.2503451704978943,0.11178784817457199,0.0009926022973161376
124,3,0.1575709886088291,0.07816796753375692,0.011280066084811248,0.16330014169216156,0.0771164521574974,0.007711344864219427,0.003449796560061264
125,3,0.11200825732697124,0.13402931277302785,0.35273072598988603,0.11182095110416412,0.13612832129001617,0.3473460376262665,0.002557001034471663
126,3,0.060721605367425296,0.03211404293867644,0.20509392630859813,0.05965128913521767,0.03181465342640877,0.21350042521953583,0.003258734885137662
127,3,0.2519746876461236,0.1738711075357893,0.05094499491427034,0.2425580620765686,0.17059236764907837,0.05307377502322197,0.004941381855072519
128,3,0.12890070279080304,0.07343297474469708,0.32932565348366816,0.129535511136055,0.0728360265493393,0.3269156813621521,0.001213909554041924
129,3,0.12111727012737539,0.3294051670151635,0.018916808068937665,0.11280795931816101,0.31618162989616394,0.012563653290271759,0.00929533423562661
130,3,0.036054421775339296,0.01715398527299818,0.21395859532551945,0.0356362909078598,0.015551798045635223,0.22455887496471405,0.004206865911345684
131,3,0.1354341892909265,0.17549496805297296,0.05706956752161755,0.13710781931877136,0.17784889042377472,0.05781405419111252,0.0015906796893805286
132,3,0.2606727412219534,0.1458781493457202,0.30213060341066617,0.25582432746887207,0.1435081958770752,0.3034352958202362,0.0028410198770987736
133,3,0.10016687413901719,0.21137880618409144,0.011900852676950091,0.10059906542301178,0.21790726482868195,0.011656858026981354,0.0024015481928512795
134,3,0.03706942121124002,0.031941045016124194,0.04336341667753524,0.035118360072374344,0.030768420547246933,0.04257053881883621,0.0013055211554806499
135,3,0.22853287380642384,0.2956271337650513,0.12081784622903254,0.22797442972660065,0.292167991399765,0.12270694971084595,0.001968896642307614
136,3,0.09826658513991104,0.05462472557458054,0.013494341749660277,0.1039876937866211,0.05697332322597504,0.014048874378204346,0.0028747463088828694
137,3,0.09250800594239213,0.11191425099853279,0.35258284322863903,0.09109854698181152,0.11182309687137604,0.34912946820259094,0.0016736629026674456
138,3,0.023003468365648743,0.052938176175262495,0.00809184014980248,0.022571122273802757,0.05087364837527275,0.010659806430339813,0.0016882800574576848
139,3,0.21094722597530854,0.2560137306682559,0.3860154078463618,0.21300405263900757,0.25853589177131653,0.37927135825157166,0.0037743457871832753
140,3,0.19700067613097408,0.09775190048577233,0.02952780198045035,0.1986391842365265,0.09617087244987488,0.025591090321540833,0.002385415933453127
141,3,0.07313653183220377,0.12135105128381925,0.14604606767806938,0.07386457920074463,0.12205777317285538,0.14952528476715088,0.0016379954488861537
142,3,0.0790671272977714,0.03886130244992017,0.29007238877242675,0.07759346067905426,0.03747627139091492,0.29472920298576355,0.0025051706303530793
143,3,0.23447096552559862,0.17297475487566893,0.006109013048916878,0.23285309970378876,0.17307601869106293,0.0063317203894257545,0.0006472789925709117
144,3,0.0888187240993849,0.06217912192628513,0.16537268615740716,0.08829990029335022,0.060204386711120605,0.17055708169937134,0.002559318187721128
145,3,0.1213695544358121,0.3008788732371819,0.0850996767248433,0.11851328611373901,0.2927367091178894,0.08539789170026779,0.003766521920933961
146,3,0.07832154807889907,0.04945327844439834,0.4329966754452679,0.07338978350162506,0.04432419687509537,0.4233853816986084,0.006557379964412168
147,3,0.16465378237138403,0.3459521428499415,0.02567046863600607,0.16147460043430328,0.33169180154800415,0.025324638932943344,0.005928450980693614
148,3,0.22962693151860059,0.11592783759891452,0.13200885686680996,0.22491072118282318,0.11405755579471588,0.13495565950870514,0.0031777649272904072
149,3,0.07088742788856296,0.08639083289734766,0.023381596348256404,0.07076095044612885,0.08484426140785217,0.025527900084853172,0.0012731175561754566
150,3,0.2840999662596783,0.14124960237655107,0.00010972932807165686,0.2650274634361267,0.1263946294784546,0.0,0.011345735016573232
151,3,0.1732994884402541,0.32020663189765264,0.4149463773108075,0.16145645081996918,0.3123835027217865,0.42131778597831726,0.008679191821220246
152,3,0.34592529644470477,0.37729804554131396,0.37881835249864704,0.3505610525608063,0.3771093785762787,0.38982170820236206,0.0052759262616172515
153,3,0.0310340497607359,0.01537323054713892,1.3154745995569136e-05,0.02376081794500351,0.0099005913361907,0.0019161568488925695,0.004882957709859204
154,3,0.01564239618312728,0.0413160791126757,0.002336282619511299,0.011571042239665985,0.03209784999489784,0.0031522405333817005,0.004701846991703185
155,3,0.0096604534519343,0.004396605565805684,0.057922224464857876,0.008969362825155258,0.004500576760619879,0.050536397844552994,0.00272696281396604
156,3,0.1541346236140205,0.1511856349713625,0.229105725203174,0.15369576215744019,0.1493798792362213,0.23150059580802917,0.0015464959321922244
157,3,0.17228139970883657,0.17238291819378862,0.29238627745017276,0.17281129956245422,0.17272554337978363,0.2899954915046692,0.0010877703283720768
