id	x	y	z
0	0.1539270869159184	0.15371359035570975	0.17036201161090803
1	0.1368162294923088	0.10608590602083467	0.10562571259357982
2	0.1331161980662358	0.10608590602083467	0.09074397107487374
3	0.12892370942674306	0.10608590602083467	0.07706455259445488
4	0.1243058002601111	0.10608590602083467	0.06475531281528844
5	0.11932388662706303	0.10608590602083467	0.05400465866319618
6	0.11404470062413308	0.10608590602083467	0.04504242301575753
7	0.10855584066656958	0.10608590602083467	0.038151765268173474
8	0.10298477240127496	0.10608590602083467	0.03365647186326633
9	0.09751198268799126	0.10608590602083467	0.03186071132417828
10	0.09235904454898732	0.10608590602083467	0.03293983342030246
11	0.0877419152022294	0.10608590602083467	0.03684560564536137
12	0.08381760974650586	0.10608590602083467	0.04331565770604533
13	0.08066612428067511	0.10608590602083467	0.05198119641371564
14	0.07831031196887547	0.10608590602083467	0.06247747819805948
15	0.07674634348918473	0.10608590602083467	0.07449765257116793
16	0.07596604299436514	0.10608590602083467	0.08779779822862639
17	0.07596855811054054	0.10608590602083467	0.10217934978191542
18	0.07676487304714451	0.10608590602083467	0.11746494405103419
19	0.0783783200048132	0.10608590602083467	0.133472820061724
20	0.08084251325751145	0.10608590602083467	0.1499893835494286
21	0.08419659208185153	0.10608590602083467	0.16673746810956028
22	0.08847628513274326	0.10608590602083467	0.18333754880935338
23	0.09369783075332559	0.10608590602083467	0.19926098259990108
24	0.09983043090727797	0.10608590602083467	0.21378109284654187
25	0.1067536695537865	0.10608590602083467	0.22594551759052262
26	0.11420512101779415	0.10608590602083467	0.23462590855230245
27	0.12174804372826491	0.10608590602083467	0.2387256849823561
28	0.12881646243461956	0.10608590602083467	0.23755595582054667
29	0.13486291838224168	0.10608590602083467	0.23117293194547023
30	0.13952279072928728	0.10608590602083467	0.22037096876493698
31	0.14267199966607957	0.10608590602083467	0.20633175825840122
32	0.14437047409953338	0.10608590602083467	0.1902403764580929
33	0.1447720729488268	0.10608590602083467	0.17307876588180163
34	0.1440573830244635	0.10608590602083467	0.15558314238715512
35	0.14239819101990303	0.10608590602083467	0.13827945565172362
36	0.13994341816880104	0.10608590602083467	0.1215383236758381
37	0.1464982239678442	0.11468344254355396	0.11421759592155635
38	0.1426588231483455	0.11468344254355396	0.09864517542884424
39	0.13829610007297613	0.11468344254355396	0.08430913167219412
40	0.133479550576713	0.11468344254355396	0.07139060571948841
41	0.12827327971235009	0.11468344254355396	0.06009283427776475
42	0.1227474582967282	0.11468344254355396	0.05066296953541846
43	0.11699469376925622	0.11468344254355396	0.043404472425824236
44	0.11115007273306193	0.11468344254355396	0.03866345655111948
45	0.1054050172865714	0.11468344254355396	0.03676461800007424
46	0.09999456787851117	0.11468344254355396	0.03789524901719335
47	0.09514783151138737	0.11468344254355396	0.04200458797910533
48	0.09103138511612129	0.11468344254355396	0.048813767987279155
49	0.08772999468567816	0.11468344254355396	0.05793012833244732
50	0.0852675586487181	0.11468344254355396	0.06896457940381066
51	0.08363931195138574	0.11468344254355396	0.08158895860082876
52	0.08283545882716158	0.11468344254355396	0.09554162082748574
53	0.08285351807662511	0.11468344254355396	0.11060906058160168
54	0.08370308752531169	0.11468344254355396	0.1266006188335364
55	0.08540637627748592	0.11468344254355396	0.14332179453921412
56	0.0879960366385148	0.11468344254355396	0.16054584206502953
57	0.09151022049449309	0.11468344254355396	0.17798115336980788
58	0.0959833652299887	0.11468344254355396	0.19523164016857478
59	0.10142970058076407	0.11468344254355396	0.21174920151200363
60	0.10781508306789486	0.11468344254355396	0.22678424546251105
61	0.11501352888015404	0.11468344254355396	0.23935815023660278
62	0.12275377249290084	0.11468344254355396	0.24831474829250702
63	0.1305863299954113	0.11468344254355396	0.25253282865729704
64	0.1379295416294407	0.11468344254355396	0.2513095832869738
65	0.1442204824368483	0.11468344254355396	0.24470418854932047
66	0.14908296470822496	0.11468344254355396	0.2335301443454954
67	0.15238681546872218	0.11468344254355396	0.2189973630291601
68	0.15419046155350455	0.11468344254355396	0.20232065470984256
69	0.15464908255306678	0.11468344254355396	0.18450896163653693
70	0.15394595159231655	0.11468344254355396	0.166321526093952
71	0.15225602052748177	0.11468344254355396	0.14830361407190093
72	0.14973139289571186	0.11468344254355396	0.1308422169540017
73	0.15663820617162832	0.12373337923409793	0.12326274041366854
74	0.15265608401196515	0.12373337923409793	0.10698299839144167
75	0.1481190982223266	0.12373337923409793	0.09197443911595711
76	0.14309921959377786	0.12373337923409793	0.07843175034457806
77	0.13766326693113295	0.12373337923409793	0.06657334237183449
78	0.13188490088069293	0.12373337923409793	0.05666413539847671
79	0.12586184009422885	0.12373337923409793	0.04902845351782805
80	0.11973697549280256	0.12373337923409793	0.04403537751797408
81	0.11371294867282028	0.12373337923409793	0.042030731750951775
82	0.10803862962992139	0.12373337923409793	0.0432141091871459
83	0.10295663270747615	0.12373337923409793	0.04753215891293165
84	0.09864335438583277	0.12373337923409793	0.05468905059517669
85	0.0951884514427859	0.12373337923409793	0.06426757537206938
86	0.09261688019014143	0.12373337923409793	0.07585360914863577
87	0.09092289382645315	0.12373337923409793	0.08909709115330272
88	0.09009501056460796	0.12373337923409793	0.1037181931631114
89	0.09012905614278029	0.12373337923409793	0.11948812079638794
90	0.09103319031068732	0.12373337923409793	0.13620265356571
91	0.09282846475294602	0.12373337923409793	0.1536543394805333
92	0.09554655472063528	0.12373337923409793	0.17160309593204806
93	0.09922462830691937	0.12373337923409793	0.1897426777952197
94	0.10389584926081366	0.12373337923409793	0.2076601807609872
95	0.10957245744789099	0.12373337923409793	0.2247876703723572
96	0.11621695564357497	0.12373337923409793	0.2403520580551917
97	0.12369770641041276	0.12373337923409793	0.2533476003087126
98	0.13173437166603247	0.12373337923409793	0.2625891756115063
99	0.13986429457864918	0.12373337923409793	0.266929747002081
100	0.14748954600650688	0.12373337923409793	0.26565178870065287
101	0.1540311701106101	0.12373337923409793	0.2588174784337902
102	0.15910106235934016	0.12373337923409793	0.24726034085442852
103	0.16256287785272477	0.12373337923409793	0.23221979204725468
104	0.16447364918645818	0.12373337923409793	0.21494158840430663
105	0.164990055126821	0.12373337923409793	0.1964625865741223
106	0.16429822790504314	0.12373337923409793	0.17756566325194534
107	0.16257642013267223	0.12373337923409793	0.1588157836317529
108	0.15998001144162635	0.12373337923409793	0.1406165614494505
109	0.16724671787289122	0.1332473160967697	0.13277279519072618
110	0.16311855259259833	0.1332473160967697	0.11576911200643339
111	0.15840329702987474	0.1332473160967697	0.1000721549812611
112	0.15317541472008034	0.1332473160967697	0.08589042647428666
113	0.14750446483176066	0.1332473160967697	0.07345785866643609
114	0.14146765052001659	0.1332473160967697	0.06305759125292597
115	0.13516790507614332	0.1332473160967697	0.05503537463377649
116	0.12875610802219903	0.1332473160967697	0.04978389749798141
117	0.1224464053674214	0.1332473160967697	0.047670713358964105
118	0.11650185923853566	0.1332473160967697	0.04890807413423752
119	0.11117894923034773	0.1332473160967697	0.053439979332014845
120	0.10666414940936846	0.1332473160967697	0.060953168168798616
121	0.10305212856387286	0.1332473160967697	0.07100520262359289
122	0.10036891387183275	0.1332473160967697	0.08315623488444038
123	0.09860773113337445	0.1332473160967697	0.0970337184365159
124	0.0977553467261394	0.1332473160967697	0.11233917998179695
125	0.09780582915912553	0.1332473160967697	0.12882818336951357
126	0.09876584805630033	0.1332473160967697	0.14628267501828648
127	0.100655262278553	0.1332473160967697	0.16448203292942598
128	0.10350475276338106	0.1332473160967697	0.18317264169448177
129	0.10735050375267514	0.1332473160967697	0.20203341231791822
130	0.11222441760649969	0.1332473160967697	0.2206343616699737
131	0.11813675617298698	0.1332473160967697	0.23838734181116378
132	0.12504665312241378	0.1332473160967697	0.2544951947802098
133	0.13281672743189749	0.1332473160967697	0.2679242235156954
134	0.1411573395098911	0.1332473160967697	0.27745927350731475
135	0.1495922447610841	0.1332473160967697	0.2819263566566941
136	0.1575066852056112	0.1332473160967697	0.2805924827822293
137	0.1643051331419408	0.1332473160967697	0.2735228704590398
138	0.16958722689250025	0.1332473160967697	0.2615718997003395
139	0.17321036429548417	0.1332473160967697	0.2460097022401249
140	0.1752302760822279	0.1332473160967697	0.2281141333670033
141	0.17580530266837502	0.1332473160967697	0.20895084489566512
142	0.17512459606570574	0.1332473160967697	0.1893269450210704
143	0.17336983797084785	0.1332473160967697	0.16982748469088446
144	0.17069977466547825	0.1332473160967697	0.15087295944404092
145	0.1783343112189814	0.1432368531358726	0.14275940913998134
146	0.1740568074560633	0.1432368531358726	0.12501518540560994
147	0.1691592937139582	0.1432368531358726	0.10861395555102345
148	0.1637187457467394	0.1432368531358726	0.09377831022160994
149	0.1578074912928656	0.1432368531358726	0.0807580557248127
150	0.15150633005925623	0.1432368531358726	0.0698550051897499
151	0.14492351448753482	0.1432368531358726	0.061436899828793246
152	0.13821809779454727	0.1432368531358726	0.055920677567297405
153	0.131616015897049	0.1432368531358726	0.05369622216401438
154	0.12539488604886118	0.1432368531358726	0.0549888026828576
155	0.11982541132203214	0.1432368531358726	0.05973970866459296
156	0.11510440168978267	0.1432368531358726	0.06761778169129717
157	0.1113316594725947	0.1432368531358726	0.07815467323804429
158	0.10853429601731394	0.1432368531358726	0.0908841218364631
159	0.10670446439127398	0.1432368531358726	0.10541050631062134
160	0.10582711356520043	0.1432368531358726	0.12141624403236158
161	0.10589449069971377	0.1432368531358726	0.13864090057493209
162	0.10691172291127293	0.1432368531358726	0.15685231237465483
163	0.10889743986857033	0.1432368531358726	0.1758164612827091
164	0.11188130902576564	0.1432368531358726	0.1952659944989173
165	0.11589852753490462	0.1432368531358726	0.2148647627391096
166	0.12097974396753763	0.1432368531358726	0.23416543279672897
167	0.12713324812037682	0.1432368531358726	0.25255925987648903
168	0.13431478322298623	0.1432368531358726	0.26922445162017217
169	0.14238113130636057	0.1432368531358726	0.28309855154220687
170	0.15103312562942736	0.1432368531358726	0.2929353407038764
171	0.15978053245207013	0.1432368531358726	0.2975328146232411
172	0.16799122712839323	0.1432368531358726	0.29614181774086873
173	0.17505258927575507	0.1432368531358726	0.28883065196267077
174	0.18055166803980527	0.1432368531358726	0.276475341253137
175	0.18433951322893885	0.1432368531358726	0.2603778843406488
176	0.18647063305123102	0.1432368531358726	0.24184933723692925
177	0.18710517840929589	0.1432368531358726	0.22198499849703154
178	0.1864354713639397	0.1432368531358726	0.2016167952190669
179	0.18464674470556267	0.1432368531358726	0.18135025344084027
180	0.18190119902864194	0.1432368531358726	0.16162301870295512
181	0.18991154722946116	0.15371359035570975	0.1532342309490186
182	0.18548143285591998	0.15371359035570975	0.1347328852227556
183	0.18039768898979658	0.15371359035570975	0.11761151386142071
184	0.17473982452124714	0.15371359035570975	0.10210707453106929
185	0.16858296534441483	0.15371359035570975	0.08848560337720253
186	0.16201156295070088	0.15371359035570975	0.0770680430817636
187	0.1551392943945969	0.15371359035570975	0.06824469138979998
188	0.14813357239767153	0.15371359035570975	0.06245737735909388
189	0.1412324087935952	0.15371359035570975	0.06011891624980325
190	0.1347283393262981	0.15371359035570975	0.06146795245551818
191	0.12890664905232077	0.15371359035570975	0.06644300507038368
192	0.12397474242514805	0.15371359035570975	0.07469455070567667
193	0.12003767708187398	0.15371359035570975	0.08572764868201739
194	0.11712366212250225	0.15371359035570975	0.09904893330064213
195	0.11522373282293343	0.15371359035570975	0.11423911860657279
196	0.1143209553822043	0.15371359035570975	0.13096104634202407
197	0.11440569152368267	0.15371359035570975	0.14893792411152146
198	0.11548147316764004	0.15371359035570975	0.16792319688437232
199	0.11756566355943661	0.15371359035570975	0.18766921806551176
200	0.120686895814676	0.15371359035570975	0.20789468530867564
201	0.1248793739782027	0.15371359035570975	0.2282481643955047
202	0.13017249640695627	0.15371359035570975	0.24826469367477366
203	0.13657258175060535	0.15371359035570975	0.2673145454724315
204	0.144031956370383	0.15371359035570975	0.2845507350031516
205	0.15240146915169658	0.15371359035570975	0.2988812630627627
206	0.1613722034902595	0.15371359035570975	0.3090278557002136
207	0.17043954669924924	0.15371359035570975	0.31375947793492664
208	0.17895348815050716	0.15371359035570975	0.31231014670484275
209	0.1862838112242907	0.15371359035570975	0.30475129222072955
210	0.19200465103659975	0.15371359035570975	0.2919813352002241
211	0.1959606140804502	0.15371359035570975	0.27533524102520607
212	0.19820505431948138	0.15371359035570975	0.25615832471475025
213	0.19890007031301815	0.15371359035570975	0.23557635787188547
214	0.19824129545671584	0.15371359035570975	0.2144466652748924
215	0.19641763011916022	0.15371359035570975	0.19339563950911529
216	0.19359481428299125	0.15371359035570975	0.17287835166219181
217	0.20198899454502167	0.16468912776058428	0.16420890913391048
218	0.19740301794724832	0.16468912776058428	0.144933875938949
219	0.19212908659528222	0.16468912776058428	0.12707650014217764
220	0.18624926467359398	0.16468912776058428	0.11088838960069945
221	0.17984150701689078	0.16468912776058428	0.09665216907884949
222	0.1729939731759171	0.16468912776058428	0.08470836886996569
223	0.16582587111972813	0.16468912776058428	0.07547041006103165
224	0.15851315951944736	0.16468912776058428	0.0694056552459555
225	0.15130621259351368	0.16468912776058428	0.06695045260180046
226	0.14451284826707808	0.16468912776058428	0.06835718002385635
227	0.138433292340479	0.16468912776058428	0.07356152560050008
228	0.13328580254728442	0.16468912776058428	0.08219513349767625
229	0.12918081385945163	0.16468912776058428	0.09373578895386868
230	0.12614764696336045	0.16468912776058428	0.10766233089456916
231	0.1241761745260483	0.16468912776058428	0.12353121739419898
232	0.12324751478701869	0.16468912776058428	0.1409852464477845
233	0.12335007996064255	0.16468912776058428	0.15973090518181757
234	0.12448575379881104	0.16468912776058428	0.17950696157472082
235	0.12667059511883988	0.16468912776058428	0.20005190291587033
236	0.12993218035031928	0.16468912776058428	0.2210702586040375
237	0.13430371197531704	0.16468912776058428	0.24219507777566743
238	0.13981333820405056	0.16468912776058428	0.26294348595371264
239	0.14646540306869607	0.16468912776058428	0.2826643844947991
240	0.15420878527102289	0.16468912776058428	0.3004850444519574
241	0.16288830196727963	0.16468912776058428	0.3152831603023869
242	0.172185066570538	0.16468912776058428	0.3257474477771558
243	0.18157970765934772	0.16468912776058428	0.330616871182071
244	0.19040382524284183	0.16468912776058428	0.3291079910649095
245	0.19800911777170568	0.16468912776058428	0.3212954130044737
246	0.2039564877225206	0.16468912776058428	0.30810067660611007
247	0.20808399920451343	0.16468912776058428	0.2908927692024328
248	0.2104439107701197	0.16468912776058428	0.2710522855666772
249	0.21120039576594848	0.16468912776058428	0.2497362746833351
250	0.2105525324159676	0.16468912776058428	0.2278280300898957
251	0.20869300030436086	0.16468912776058428	0.20597520398551067
252	0.20579116155822072	0.16468912776058428	0.18465057475637492
253	0.21457722838229357	0.17617506535479954	0.17569509206273884
254	0.2098321561273353	0.17617506535479954	0.15562982017212929
255	0.20436409289190288	0.17617506535479954	0.1370205821870971
256	0.1982576813850293	0.17617506535479954	0.12013392323834464
257	0.19159373721357534	0.17617506535479954	0.10526941821317352
258	0.1844641851791431	0.17617506535479954	0.09278764480664485
259	0.1769938712096696	0.17617506535479954	0.0831257152358974
260	0.16936748693546744	0.17617506535479954	0.07677716849529342
261	0.16184805583726067	0.17617506535479954	0.0742024872419636
262	0.1547590420067422	0.17617506535479954	0.07566814103742935
263	0.14841597097375606	0.17617506535479954	0.08110692633376732
264	0.1430482127547327	0.17617506535479954	0.09013118725147215
265	0.13877170188359547	0.17617506535479954	0.10219075276744471
266	0.13561688468717023	0.17617506535479954	0.11673597477026375
267	0.13357242661803512	0.17617506535479954	0.1332984632088722
268	0.13261743292022657	0.17617506535479954	0.15150050259146566
269	0.13273830223443664	0.17617506535479954	0.17103149455815783
270	0.13393521691027685	0.17617506535479954	0.19161524100927163
271	0.13622289263694365	0.17617506535479954	0.2129761207380873
272	0.13962782548493327	0.17617506535479954	0.2348042704723987
273	0.14418220577010057	0.17617506535479954	0.2567169848946021
274	0.1499129285575268	0.17617506535479954	0.27821318720873683
275	0.15682235599185954	0.17617506535479954	0.29862001809876765
276	0.16485588456517955	0.17617506535479954	0.3170384584046795
277	0.1738521991069404	0.17617506535479954	0.33231514994387074
278	0.183482225234271	0.17617506535479954	0.3431048734398151
279	0.19321146170660658	0.17617506535479954	0.34811566016554885
280	0.20235262958106445	0.17617506535479954	0.3465460139866202
281	0.21023886655197666	0.17617506535479954	0.338473764675659
282	0.21641752930149552	0.17617506535479954	0.3248442664350086
283	0.22072003729932213	0.17617506535479954	0.3070615455614744
284	0.2231976044093271	0.17617506535479954	0.2865424648015895
285	0.22401659721346626	0.17617506535479954	0.2644761356577024
286	0.22337966546646262	0.17617506535479954	0.24177238462179712
287	0.22148337533676388	0.17617506535479954	0.21910051778645734
288	0.2185007917702381	0.17617506535479954	0.19695130785939652
289	0.22768682965607318	0.18818300314265868	0.1877044279753492
290	0.2227794444799947	0.18818300314265868	0.1668323789211442
291	0.21711331652726376	0.18818300314265868	0.1474554256673969
292	0.21077569119190898	0.18818300314265868	0.12985534116389055
293	0.2038502776019092	0.18818300314265868	0.11434901434965385
294	0.19643282381049262	0.18818300314265868	0.10131753166267919
295	0.18865392140828008	0.18818300314265868	0.09122226512089912
296	0.18070718249848675	0.18818300314265868	0.08458357340231866
297	0.17286856706881495	0.18818300314265868	0.08188667534410038
298	0.16547754962740058	0.18818300314265868	0.08341249033401966
299	0.15886531462322803	0.18818300314265868	0.08909086249341001
300	0.15327260354094627	0.18818300314265868	0.09851436818280287
301	0.14882097289064686	0.18818300314265868	0.11110419770889732
302	0.14554200889026284	0.18818300314265868	0.12628152379537697
303	0.14342312535903293	0.18818300314265868	0.1435525152440473
304	0.1424413496405219	0.18818300314265868	0.16251847188490318
305	0.14258100273647098	0.18818300314265868	0.18285134263852015
306	0.14384051211880555	0.18818300314265868	0.20425967108475823
307	0.14623321102199818	0.18818300314265868	0.22645348099300672
308	0.1497844903029862	0.18818300314265868	0.24910828701334223
309	0.1545255156088309	0.18818300314265868	0.27182538627785263
310	0.16048192316816481	0.18818300314265868	0.29408520581084635
311	0.16765408265304635	0.18818300314265868	0.3151927346645551
312	0.17598387054113845	0.18818300314265868	0.33422212255025746
313	0.18530373702662484	0.18818300314265868	0.3499882274694554
314	0.19527420417308494	0.18818300314265868	0.36111099714287015
315	0.205345277436046	0.18818300314265868	0.36626663036991514
316	0.21481032132549033	0.18818300314265868	0.36463499877349476
317	0.22298344814403806	0.18818300314265868	0.3562972066418182
318	0.22939816041075378	0.18818300314265868	0.34222309559500863
319	0.23387912799886157	0.18818300314265868	0.32385271470072574
320	0.23647656380542337	0.18818300314265868	0.3026401545755438
321	0.23735913855026514	0.18818300314265868	0.27980735753378894
322	0.23673319427725809	0.18818300314265868	0.25629124104836876
323	0.23479928733485098	0.18818300314265868	0.23278316029166074
324	0.231734264289458	0.18818300314265868	0.20979217381640403
325	0.24132838423849493	0.20072454112846475	0.20024856500002366
326	0.23625548330500362	0.20072454112846475	0.17855321177241912
327	0.23038736814839628	0.20072454112846475	0.1583926943978926
328	0.22381391181857266	0.20072454112846475	0.1400643072667694
329	0.21662175052068586	0.20072454112846475	0.12390261946413408
330	0.20891051427732643	0.20072454112846475	0.11030968890502633
331	0.20081664863318358	0.20072454112846475	0.09977171687624996
332	0.1925428741293569	0.20072454112846475	0.09283652540426722
333	0.18437837483526642	0.20072454112846475	0.09001467133304315
334	0.17667900016397498	0.20072454112846475	0.09160188203447608
335	0.16979195285741336	0.20072454112846475	0.09752498854732702
336	0.16396960521849094	0.20072454112846475	0.10735633165324195
337	0.15933925831576862	0.20072454112846475	0.12048778037107033
338	0.15593365268449555	0.20072454112846475	0.13631063570816257
339	0.15373890625683914	0.20072454112846475	0.15430503151551922
340	0.15272990368413863	0.20072454112846475	0.17405081045048199
341	0.1528888242575485	0.20072454112846475	0.19520209949388584
342	0.15421228687302366	0.20072454112846475	0.21745188885934574
343	0.15671220241790515	0.20072454112846475	0.24049559710005688
344	0.16041283062505704	0.20072454112846475	0.263993882999665
345	0.16534429828501387	0.20072454112846475	0.28753179843882354
346	0.17153097472441622	0.20072454112846475	0.31057097665163874
347	0.17897122365303575	0.20072454112846475	0.33239386312525043
348	0.18760336089860005	0.20072454112846475	0.35204724017358624
349	0.19725349825076866	0.20072454112846475	0.3683134642371635
350	0.2075715402994015	0.20072454112846475	0.37977677541698346
351	0.21799164237623875	0.20072454112846475	0.38508066925802087
352	0.22778734532863684	0.20072454112846475	0.38338583107533364
353	0.23625328121213912	0.20072454112846475	0.37477669127114127
354	0.24290879423081124	0.20072454112846475	0.3602482317827187
355	0.24757169740272633	0.20072454112846475	0.3412774793150316
356	0.2502912403071768	0.20072454112846475	0.3193566874793598
357	0.25123850211717447	0.20072454112846475	0.295741382860744
358	0.2506236327001579	0.20072454112846475	0.2713961263992019
359	0.24865127883425864	0.20072454112846475	0.24703471820160294
360	0.24550214582079727	0.20072454112846475	0.22318479805018385
361	0.2555124823308538	0.21381127931652116	0.21333915116761695
362	0.25027087571782225	0.21381127931652116	0.19080397707575528
363	0.2441968601571547	0.21381127931652116	0.16984405056410576
364	0.23738296203435902	0.21381127931652116	0.1507724838262715
365	0.22991877890044962	0.21381127931652116	0.13394189412777702
366	0.22190788210245097	0.21381127931652116	0.11977577484929665
367	0.21349267995565926	0.21381127931652116	0.10878572673696192
368	0.2048851898092091	0.21381127931652116	0.10154767917889289
369	0.19638810768646064	0.21381127931652116	0.09859812897022631
370	0.18837402260958633	0.21381127931652116	0.10024796962456288
371	0.18120651515401753	0.21381127931652116	0.10642095829458796
372	0.1751498479398975	0.21381127931652116	0.11666873226866345
373	0.1703371893280013	0.21381127931652116	0.13035315646911894
374	0.16680244875433017	0.21381127931652116	0.1468349672505354
375	0.1645304041567993	0.21381127931652116	0.16556766900212977
376	0.16349373280106286	0.21381127931652116	0.18610917354120848
377	0.1636724081853741	0.21381127931652116	0.20809541490858968
378	0.16506118672568784	0.21381127931652116	0.23120353240678104
379	0.16767051655770732	0.21381127931652116	0.2551140859310494
380	0.17152349943295855	0.21381127931652116	0.2794726407476892
381	0.17664920759745353	0.21381127931652116	0.3038477517577135
382	0.18307073330929174	0.21381127931652116	0.3276819575610654
383	0.1907844182709593	0.21381127931652116	0.3502347673947638
384	0.19972497455170496	0.21381127931652116	0.3705250641175226
385	0.20971207051408425	0.21381127931652116	0.38730199675035193
386	0.2203847810007546	0.21381127931652116	0.3991132437161783
387	0.23116106026886832	0.21381127931652116	0.4045687516183998
388	0.24129416758365502	0.21381127931652116	0.40280948416738455
389	0.25005880848175355	0.21381127931652116	0.39392325057298533
390	0.25695986842932966	0.21381127931652116	0.3789308085712438
391	0.26180819435928865	0.21381127931652116	0.3593470920366163
392	0.26465210489031266	0.21381127931652116	0.3367034309412478
393	0.26566518618881557	0.21381127931652116	0.31228967648272316
394	0.2650615068714074	0.21381127931652116	0.2870985805678489
395	0.26304990141848456	0.21381127931652116	0.2618667845752547
396	0.2598150094571206	0.21381127931652116	0.2371408082285042
