r,g,b,X,Y,Z,L,u,v,pred_invalid_xyz
0.0,178.5,25.5,0.05645063892006874,0.15489299595355988,0.009188113734126091,70.21939194098971,-91.13036420963273,94.55892194451208,False
0.0,178.5,38.25,0.0570911206305027,0.15417733788490295,0.012518493458628654,70.08639931527121,-89.98445751513212,91.9646841954146,False
0.0,178.5,51.0,0.05775904282927513,0.15336695313453674,0.017230775207281113,69.935305573396,-88.87736917480993,88.43892808689033,False
0.0,178.5,63.75,0.0585164837539196,0.15248112380504608,0.02373773232102394,69.76953529551886,-87.78122859572389,83.73489921368088,False
12.75,178.5,25.5,0.057018060237169266,0.15469865500926971,0.010066552087664604,70.18331763775254,-90.23368595005165,93.78443062041724,False
12.75,178.5,38.25,0.05777899548411369,0.15408869087696075,0.013466594740748405,70.06989718233737,-89.00205983011222,91.16147397234349,False
12.75,178.5,51.0,0.05856483057141304,0.15338172018527985,0.018225545063614845,69.93806359973966,-87.8117576981879,87.62708865768826,False
12.75,178.5,63.75,0.059435922652482986,0.15259653329849243,0.024751780554652214,69.79116884175242,-86.63758231536822,82.9393477511684,False
25.5,178.5,12.75,0.05689312145113945,0.15488097071647644,0.00831710547208786,70.21716064693797,-90.37201322551105,95.03152215055941,False
25.5,178.5,25.5,0.05778365954756737,0.1544773131608963,0.010814456269145012,70.14219450497515,-89.00971499981796,93.04301566732919,False
25.5,178.5,38.25,0.05864745005965233,0.15396305918693542,0.01428484357893467,70.04649930104803,-87.71241610373649,90.39122297871569,False
25.5,178.5,51.0,0.0595339797437191,0.15335017442703247,0.01909169740974903,69.93217161719477,-86.45922125010861,86.84734561570733,False
25.5,178.5,63.75,0.060502391308546066,0.1526564508676529,0.025638800114393234,69.80239610781919,-85.22645254677488,82.17383615272878,False
38.25,178.5,0.0,0.05694736912846565,0.15485593676567078,0.006904827896505594,70.2125152033085,-90.1195301353775,95.94407494300687,False
38.25,178.5,12.75,0.05797966197133064,0.15465101599693298,0.008839551359415054,70.17447009336796,-88.6394124050082,94.36339360968134,False
38.25,178.5,25.5,0.05894818529486656,0.1543300598859787,0.011424992233514786,70.11481453434037,-87.24049232590787,92.33297680432466,False
38.25,178.5,38.25,0.0598900206387043,0.15389803051948547,0.014966445043683052,70.03438324069118,-85.90698229447068,89.65348659701246,False
38.25,178.5,51.0,0.0608535073697567,0.15336592495441437,0.01982221193611622,69.93511353469698,-84.61927233307141,86.10063811319432,False
38.25,178.5,63.75,0.061896879225969315,0.15275107324123383,0.02639152482151985,69.82012032769484,-83.35531052490349,81.44116820140518,False
51.0,178.5,0.0,0.05865618959069252,0.1547762155532837,0.007185401860624552,70.1977183408454,-87.55235748221529,95.35240896585105,False
51.0,178.5,12.75,0.059732694178819656,0.1546359807252884,0.009219853207468987,70.17167735698493,-86.07582912352538,93.72287954588005,False
51.0,178.5,25.5,0.06074771657586098,0.15438002347946167,0.011893361806869507,70.12410661340168,-84.67799187809446,91.65324657515701,False
51.0,178.5,38.25,0.06173707917332649,0.15401290357112885,0.015506207942962646,70.05578393516465,-83.34500707389714,88.94859435991835,False
51.0,178.5,51.0,0.06274789571762085,0.15354491770267487,0.020411692559719086,69.96853204455127,-82.05917057515691,85.38912199440254,False
51.0,178.5,63.75,0.06383758783340454,0.15299279987812042,0.027004435658454895,69.8653662198728,-80.80005127473535,80.74568926971861,False
51.0,178.5,76.5,0.0650710016489029,0.1523793786764145,0.03570051118731499,69.75045408316532,-79.5466943984662,74.80331215229376,False
63.75,178.5,12.75,0.06242130324244499,0.1549793779850006,0.009455552324652672,70.23541681478503,-82.40949743289664,93.10823785122902,False
63.75,178.5,25.5,0.06344632804393768,0.15476804971694946,0.012216869741678238,70.19620241275354,-81.05755904395026,91.00365411709436,False
63.75,178.5,38.25,0.06444744765758514,0.15444545447826385,0.015901312232017517,70.13627224263996,-79.76896350159225,88.27803020316706,False
63.75,178.5,51.0,0.06547078490257263,0.15402184426784515,0.02085704542696476,70.05744912848984,-78.5284728115727,84.71636975576779,False
63.75,178.5,63.75,0.06657262146472931,0.15351319313049316,0.027474170550704002,69.96261086136344,-77.31800213102467,80.0935584086049,False
63.75,178.5,76.5,0.06781703233718872,0.15294156968593597,0.03616522252559662,69.85578104047423,-76.11852535125293,74.19737547368135,False
63.75,178.5,255.0,0.1186089962720871,0.15263506770133972,0.4226386845111847,69.79838969872655,-58.583901042559106,-92.35428399807732,False
76.5,178.5,51.0,0.0692928284406662,0.15494398772716522,0.021158110350370407,70.22885222963515,-73.78024722957726,84.08738411200265,False
76.5,178.5,63.75,0.07036890089511871,0.1544569581747055,0.027800293639302254,70.13841077741954,-72.66697608754222,79.492303698441,False
76.5,178.5,76.5,0.07158701121807098,0.15390600264072418,0.036487121134996414,70.03586877993386,-71.57108616015795,73.65025167687747,False
76.5,178.5,89.25,0.07301461696624756,0.15331803262233734,0.047623537480831146,69.92616747649657,-70.47681541484316,66.39205180638004,False
76.5,178.5,102.0,0.07471907138824463,0.15272416174411774,0.06157565116882324,69.81508013710658,-69.37026198698278,57.62018900631656,False
76.5,178.5,242.25,0.11707784235477448,0.15292063355445862,0.3876030445098877,69.85186326989667,-56.82838649474647,-82.05287360343988,False
76.5,178.5,255.0,0.12209413945674896,0.153753399848938,0.4215564727783203,70.00742359192678,-55.86503462660918,-91.71729817122909,False
89.25,178.5,89.25,0.07800935208797455,0.15482933819293976,0.04777092486619949,70.20757887085168,-64.76280697430991,66.00804405171,False
89.25,178.5,102.0,0.07964624464511871,0.15423017740249634,0.06165740266442299,70.09623267626334,-63.83335628446021,57.354252980886955,False
89.25,178.5,114.75,0.08161962032318115,0.15365561842918396,0.07862019538879395,69.98918722246188,-62.894084944926334,47.207258146693675,False
89.25,178.5,127.5,0.0839790552854538,0.1531388759613037,0.09883971512317657,69.89268534113117,-61.93967565561787,35.673854509187194,False
89.25,178.5,140.25,0.08675704896450043,0.15270991623401642,0.12235482037067413,69.81241188957607,-60.96892827887604,22.97059291804723,False
89.25,178.5,153.0,0.08996549248695374,0.1523951292037964,0.14904376864433289,69.7534084819265,-59.98556600112329,9.405115294064032,False
89.25,178.5,204.0,0.10659299790859222,0.1525883674621582,0.27978238463401794,69.78963851179208,-56.08346243946796,-46.209033739114346,False
89.25,178.5,216.75,0.11142118275165558,0.1530219167470932,0.3155784606933594,69.87081303835473,-55.15616235839597,-58.85759724433717,False
89.25,178.5,229.5,0.11637425422668457,0.1535990685224533,0.3513203263282776,69.97863705573897,-54.25859904931232,-70.58208094989493,False
89.25,178.5,242.25,0.12137950956821442,0.15430781245231628,0.3864079713821411,70.11067637812414,-53.39187731638511,-81.29331741466451,False
102.0,178.5,140.25,0.09282732009887695,0.15477095544338226,0.12195351719856262,70.19674184583158,-54.8199005342992,23.303930214930798,False
102.0,178.5,153.0,0.09592989087104797,0.15442194044589996,0.14849381148815155,70.1319006585164,-54.11156088480437,9.89460176114681,False
102.0,178.5,165.75,0.09945516288280487,0.15420682728290558,0.17791979014873505,70.09188752836751,-53.39795737649355,-4.032079439958768,False
102.0,178.5,178.5,0.10337252914905548,0.15414026379585266,0.20980487763881683,70.07949853739264,-52.6825010281165,-18.103492240149244,False
102.0,178.5,191.25,0.10763281583786011,0.15422986447811127,0.24360081553459167,70.09617444808055,-51.96883392249393,-31.96774499871567,False
102.0,178.5,204.0,0.11217232048511505,0.15447714924812317,0.27867868542671204,70.14216403704712,-51.26099514671292,-45.3232037600375,False
102.0,178.5,216.75,0.11691896617412567,0.15487825870513916,0.3143753111362457,70.21665741472285,-50.56198734312425,-57.93580956287188,False
153.0,165.75,0.0,0.1191977709531784,0.15472687780857086,0.0041595040820539,70.1885583352783,0.7105697581439336,84.23020503677297,False
153.0,165.75,12.75,0.11938904225826263,0.1545187085866928,0.006852905265986919,70.14988835178566,0.6226511197604139,82.40384798329383,False
153.0,165.75,25.5,0.11954081058502197,0.15420417487621307,0.010116562247276306,70.09139392288125,0.47113967207828655,80.19413950725637,False
153.0,165.75,38.25,0.11968284845352173,0.15378442406654358,0.014217590913176537,70.01320803545354,0.24000172077108634,77.4349022434668,False
153.0,165.75,51.0,0.11985607445240021,0.15326619148254395,0.019475193694233894,69.91648169993724,-0.08748131130892456,73.93583955001515,False
153.0,165.75,63.75,0.1201111376285553,0.15266254544258118,0.026252105832099915,69.80353793569532,-0.5290117579995115,69.49446224012205,False
165.75,165.75,153.0,0.1443149596452713,0.15478980541229248,0.1441301852464676,70.20024108107377,5.046087411498738,4.6975132539447575,False
165.75,165.75,165.75,0.14697302877902985,0.15436215698719025,0.17298252880573273,70.12078408713624,3.249313825388602,-8.652430696419454,False
165.75,165.75,178.5,0.15003763139247894,0.1540842056274414,0.2043081820011139,70.06906206002668,1.4527963614826376,-22.2102784339728,False
165.75,165.75,191.25,0.15346495807170868,0.15396587550640106,0.23758506774902344,70.04702395710214,-0.2974278015420072,-35.6352222778027,False
165.75,165.75,204.0,0.1571952998638153,0.15401136875152588,0.272204726934433,70.05549807049613,-1.9634507677843545,-48.627651395325934,False
165.75,165.75,216.75,0.16116011142730713,0.15421804785728455,0.3075166940689087,70.09397558334246,-3.5141650652664755,-60.94943252853244,False
165.75,165.75,229.5,0.16528619825839996,0.1545792520046234,0.34287509322166443,70.16113861326504,-4.929214475769438,-72.43037001055926,False
191.25,153.0,102.0,0.16853250563144684,0.15431848168373108,0.0574471652507782,70.11266096884842,54.89037264292619,43.30419352347163,False
191.25,153.0,114.75,0.1691809743642807,0.15353712439537048,0.07390312850475311,69.96707755046532,52.369913158144705,34.0777069395733,False
191.25,153.0,127.5,0.1702057272195816,0.15280306339263916,0.09347435086965561,69.82985576380072,49.5725050947702,23.55141985365479,False
191.25,153.0,255.0,0.20013701915740967,0.15260909497737885,0.40870389342308044,69.79352287413863,19.818694115577312,-95.99446760199257,False
216.75,140.25,153.0,0.20945100486278534,0.15486428141593933,0.14026367664337158,70.21406374014285,82.21238165313197,-3.213278125883617,False
216.75,140.25,165.75,0.2114606648683548,0.15447893738746643,0.16886474192142487,70.14249641327892,77.55211768150738,-15.882938101116554,False
216.75,140.25,178.5,0.2138715237379074,0.15423668920993805,0.19994397461414337,70.09744435914736,72.84035579620667,-28.789765154709354,False
216.75,140.25,191.25,0.2166416198015213,0.15414883196353912,0.23299053311347961,70.0810934698137,68.18394572924142,-41.60886975705046,False
216.75,140.25,204.0,0.2197139710187912,0.15421994030475616,0.267405241727829,70.0943277419954,63.67807913564491,-54.051629415229904,False
216.75,140.25,216.75,0.22302137315273285,0.15444861352443695,0.30254340171813965,70.13685951924383,59.39947848041247,-65.88435352982535,False
216.75,140.25,229.5,0.22649231553077698,0.15482886135578156,0.33776232600212097,70.20749037121801,55.40303483400693,-76.93715789742602,False
229.5,127.5,89.25,0.22372335195541382,0.15476585924625397,0.04172896221280098,70.19579575873901,129.11687938419462,42.09593298924037,False
229.5,127.5,102.0,0.2237454205751419,0.15417779982089996,0.05522637441754341,70.08648529065411,125.36427134786726,34.671505296441374,False
229.5,127.5,114.75,0.22407908737659454,0.1535957157611847,0.0716189444065094,69.97801147047453,121.13307066964994,25.934693163645868,False
229.5,127.5,127.5,0.22477738559246063,0.15305274724960327,0.09111106395721436,69.87657966881098,116.44381988849672,15.946325900485718,False
229.5,127.5,140.25,0.22587883472442627,0.15258048474788666,0.11377827823162079,69.78816118892546,111.35582770683939,4.8623929065738105,False
229.5,127.5,216.75,0.24062186479568481,0.1524444818496704,0.30196088552474976,69.76266446635101,78.65141517669542,-68.78412537132932,False
229.5,127.5,229.5,0.244012713432312,0.1529463231563568,0.3371998369693756,69.85667050583989,73.86208615612776,-79.6457166963723,False
229.5,127.5,242.25,0.24749287962913513,0.1535865068435669,0.3719151020050049,69.97629314943775,69.44575752981808,-89.62969837828824,False
229.5,127.5,255.0,0.2509978711605072,0.15435296297073364,0.4055812358856201,70.11907423017331,65.41985806938001,-98.68649846105845,False
242.25,114.75,76.5,0.24345269799232483,0.1549072116613388,0.03015092946588993,70.22202952998835,157.75736975606364,44.85727402415954,False
242.25,114.75,89.25,0.2431984543800354,0.15448428690433502,0.041054319590330124,70.14349075685791,153.98413292118818,38.85909349290814,False
242.25,114.75,102.0,0.24319109320640564,0.1540319174528122,0.05455722287297249,70.05932516910289,149.6931433733848,31.59319571011495,False
242.25,114.75,114.75,0.24349266290664673,0.15358249843120575,0.0709608644247055,69.97554518565396,144.8653462004778,23.030769356350692,False
242.25,114.75,127.5,0.24415597319602966,0.15316933393478394,0.09046921133995056,69.89837939648696,139.52252482810064,13.232218863149265,False
242.25,114.75,140.25,0.2452196180820465,0.15282389521598816,0.1131567656993866,69.83375601533311,133.73104688392212,2.3512792654459918,False
242.25,114.75,153.0,0.24670284986495972,0.1525745391845703,0.13894633948802948,69.78704687960375,127.59524005096326,-9.374953531434985,False
242.25,114.75,165.75,0.2486042082309723,0.15244513750076294,0.16760143637657166,69.76278741888072,121.24721346374248,-21.650287673812638,False
242.25,114.75,178.5,0.2509002387523651,0.1524527668952942,0.19873479008674622,69.76421811330809,114.83198658478065,-34.152489262265355,False
242.25,114.75,191.25,0.2535487711429596,0.1526084542274475,0.2318333387374878,69.7934028020664,108.49151074555097,-46.566497681034406,False
242.25,114.75,204.0,0.2564924955368042,0.1529160887002945,0.26629549264907837,69.85101274577238,102.35230155854612,-58.61312264660189,False
242.25,114.75,216.75,0.2596639096736908,0.15337468683719635,0.3014756739139557,69.93675001088609,96.51478090318057,-70.06636963977066,False
242.25,114.75,229.5,0.2629912495613098,0.1539773792028427,0.33672985434532166,70.0491669302087,91.0518469218686,-80.762480882162,False
242.25,114.75,242.25,0.2664041817188263,0.15471448004245758,0.3714573085308075,70.18625626997891,86.00770715043141,-90.59793060381452,False
255.0,89.25,255.0,0.28881651163101196,0.15340793132781982,0.405943900346756,69.94295859099299,99.81117101823955,-102.63820679469559,False
